"Appendix 2b: All-Cause Deaths in 2019 by State, Sex, and Age Group as Reported by MOH",,,
State,Sex,Age Group,All deaths
Brazil,Female,0,15624
Brazil,Female,01-04,2540
Brazil,Female,05-09,1385
Brazil,Female,10-14,1705
Brazil,Female,15-19,3371
Brazil,Female,20-24,4614
Brazil,Female,25-29,5279
Brazil,Female,30-34,7237
Brazil,Female,35-39,10367
Brazil,Female,40-44,13756
Brazil,Female,45-49,17872
Brazil,Female,50-54,24735
Brazil,Female,55-59,33465
Brazil,Female,60-64,43379
Brazil,Female,65-69,52796
Brazil,Female,70-74,59661
Brazil,Female,75-79,69071
Brazil,Female,80-84,78043
Brazil,Female,85-89,74140
Brazil,Female,90+,83783
Brazil,Male,0,19401
Brazil,Male,01-04,3267
Brazil,Male,05-09,1774
Brazil,Male,10-14,2517
Brazil,Male,15-19,13269
Brazil,Male,20-24,20285
Brazil,Male,25-29,18583
Brazil,Male,30-34,19643
Brazil,Male,35-39,22598
Brazil,Male,40-44,25872
Brazil,Male,45-49,31323
Brazil,Male,50-54,42605
Brazil,Male,55-59,54450
Brazil,Male,60-64,66351
Brazil,Male,65-69,74058
Brazil,Male,70-74,76102
Brazil,Male,75-79,76903
Brazil,Male,80-84,71641
Brazil,Male,85-89,55407
Brazil,Male,90+,46671
Brazil,Total,0,35025
Brazil,Total,01-04,5807
Brazil,Total,05-09,3159
Brazil,Total,10-14,4222
Brazil,Total,15-19,16640
Brazil,Total,20-24,24899
Brazil,Total,25-29,23862
Brazil,Total,30-34,26880
Brazil,Total,35-39,32965
Brazil,Total,40-44,39628
Brazil,Total,45-49,49195
Brazil,Total,50-54,67340
Brazil,Total,55-59,87915
Brazil,Total,60-64,109730
Brazil,Total,65-69,126854
Brazil,Total,70-74,135763
Brazil,Total,75-79,145974
Brazil,Total,80-84,149684
Brazil,Total,85-89,129547
Brazil,Total,90+,130454
AC,Female,0,101
AC,Female,01-04,24
AC,Female,05-09,19
AC,Female,10-14,15
AC,Female,15-19,26
AC,Female,20-24,20
AC,Female,25-29,33
AC,Female,30-34,33
AC,Female,35-39,44
AC,Female,40-44,46
AC,Female,45-49,69
AC,Female,50-54,62
AC,Female,55-59,97
AC,Female,60-64,111
AC,Female,65-69,128
AC,Female,70-74,132
AC,Female,75-79,162
AC,Female,80-84,155
AC,Female,85-89,123
AC,Female,90+,151
AC,Male,0,157
AC,Male,01-04,33
AC,Male,05-09,19
AC,Male,10-14,12
AC,Male,15-19,77
AC,Male,20-24,109
AC,Male,25-29,99
AC,Male,30-34,98
AC,Male,35-39,103
AC,Male,40-44,86
AC,Male,45-49,121
AC,Male,50-54,151
AC,Male,55-59,147
AC,Male,60-64,194
AC,Male,65-69,197
AC,Male,70-74,206
AC,Male,75-79,230
AC,Male,80-84,179
AC,Male,85-89,144
AC,Male,90+,163
AL,Female,0,286
AL,Female,01-04,54
AL,Female,05-09,32
AL,Female,10-14,30
AL,Female,15-19,72
AL,Female,20-24,100
AL,Female,25-29,92
AL,Female,30-34,99
AL,Female,35-39,171
AL,Female,40-44,245
AL,Female,45-49,305
AL,Female,50-54,471
AL,Female,55-59,540
AL,Female,60-64,718
AL,Female,65-69,897
AL,Female,70-74,978
AL,Female,75-79,1065
AL,Female,80-84,1098
AL,Female,85-89,925
AL,Female,90+,1012
AL,Male,0,367
AL,Male,01-04,68
AL,Male,05-09,41
AL,Male,10-14,64
AL,Male,15-19,309
AL,Male,20-24,442
AL,Male,25-29,348
AL,Male,30-34,354
AL,Male,35-39,387
AL,Male,40-44,432
AL,Male,45-49,516
AL,Male,50-54,649
AL,Male,55-59,780
AL,Male,60-64,861
AL,Male,65-69,1019
AL,Male,70-74,1107
AL,Male,75-79,1055
AL,Male,80-84,931
AL,Male,85-89,715
AL,Male,90+,617
AM,Female,0,515
AM,Female,01-04,111
AM,Female,05-09,49
AM,Female,10-14,51
AM,Female,15-19,119
AM,Female,20-24,121
AM,Female,25-29,138
AM,Female,30-34,154
AM,Female,35-39,186
AM,Female,40-44,270
AM,Female,45-49,282
AM,Female,50-54,325
AM,Female,55-59,418
AM,Female,60-64,470
AM,Female,65-69,603
AM,Female,70-74,622
AM,Female,75-79,677
AM,Female,80-84,725
AM,Female,85-89,586
AM,Female,90+,699
AM,Male,0,717
AM,Male,01-04,131
AM,Male,05-09,61
AM,Male,10-14,106
AM,Male,15-19,388
AM,Male,20-24,633
AM,Male,25-29,577
AM,Male,30-34,489
AM,Male,35-39,462
AM,Male,40-44,458
AM,Male,45-49,463
AM,Male,50-54,550
AM,Male,55-59,687
AM,Male,60-64,835
AM,Male,65-69,904
AM,Male,70-74,896
AM,Male,75-79,896
AM,Male,80-84,783
AM,Male,85-89,575
AM,Male,90+,523
AP,Female,0,130
AP,Female,01-04,28
AP,Female,05-09,13
AP,Female,10-14,14
AP,Female,15-19,20
AP,Female,20-24,28
AP,Female,25-29,24
AP,Female,30-34,26
AP,Female,35-39,39
AP,Female,40-44,54
AP,Female,45-49,53
AP,Female,50-54,73
AP,Female,55-59,80
AP,Female,60-64,91
AP,Female,65-69,106
AP,Female,70-74,111
AP,Female,75-79,118
AP,Female,80-84,126
AP,Female,85-89,115
AP,Female,90+,140
AP,Male,0,158
AP,Male,01-04,30
AP,Male,05-09,16
AP,Male,10-14,17
AP,Male,15-19,136
AP,Male,20-24,155
AP,Male,25-29,96
AP,Male,30-34,89
AP,Male,35-39,72
AP,Male,40-44,78
AP,Male,45-49,91
AP,Male,50-54,108
AP,Male,55-59,141
AP,Male,60-64,164
AP,Male,65-69,160
AP,Male,70-74,162
AP,Male,75-79,151
AP,Male,80-84,122
AP,Male,85-89,98
AP,Male,90+,72
BA,Female,0,1269
BA,Female,01-04,184
BA,Female,05-09,107
BA,Female,10-14,141
BA,Female,15-19,276
BA,Female,20-24,339
BA,Female,25-29,418
BA,Female,30-34,572
BA,Female,35-39,821
BA,Female,40-44,1147
BA,Female,45-49,1214
BA,Female,50-54,1730
BA,Female,55-59,2129
BA,Female,60-64,2658
BA,Female,65-69,3182
BA,Female,70-74,3533
BA,Female,75-79,4354
BA,Female,80-84,4766
BA,Female,85-89,4516
BA,Female,90+,6255
BA,Male,0,1666
BA,Male,01-04,226
BA,Male,05-09,144
BA,Male,10-14,237
BA,Male,15-19,1554
BA,Male,20-24,2330
BA,Male,25-29,1820
BA,Male,30-34,1842
BA,Male,35-39,2008
BA,Male,40-44,2087
BA,Male,45-49,2357
BA,Male,50-54,3028
BA,Male,55-59,3600
BA,Male,60-64,4183
BA,Male,65-69,4493
BA,Male,70-74,4704
BA,Male,75-79,5008
BA,Male,80-84,4375
BA,Male,85-89,3726
BA,Male,90+,4041
CE,Female,0,718
CE,Female,01-04,103
CE,Female,05-09,76
CE,Female,10-14,90
CE,Female,15-19,157
CE,Female,20-24,231
CE,Female,25-29,241
CE,Female,30-34,323
CE,Female,35-39,402
CE,Female,40-44,530
CE,Female,45-49,656
CE,Female,50-54,934
CE,Female,55-59,1239
CE,Female,60-64,1506
CE,Female,65-69,1964
CE,Female,70-74,2415
CE,Female,75-79,2960
CE,Female,80-84,3432
CE,Female,85-89,3001
CE,Female,90+,4432
CE,Male,0,851
CE,Male,01-04,152
CE,Male,05-09,103
CE,Male,10-14,129
CE,Male,15-19,652
CE,Male,20-24,976
CE,Male,25-29,878
CE,Male,30-34,991
CE,Male,35-39,1050
CE,Male,40-44,1149
CE,Male,45-49,1392
CE,Male,50-54,1748
CE,Male,55-59,1975
CE,Male,60-64,2228
CE,Male,65-69,2548
CE,Male,70-74,2761
CE,Male,75-79,3058
CE,Male,80-84,3081
CE,Male,85-89,2424
CE,Male,90+,2946
DF,Female,0,149
DF,Female,01-04,31
DF,Female,05-09,18
DF,Female,10-14,20
DF,Female,15-19,38
DF,Female,20-24,38
DF,Female,25-29,59
DF,Female,30-34,69
DF,Female,35-39,132
DF,Female,40-44,148
DF,Female,45-49,208
DF,Female,50-54,278
DF,Female,55-59,344
DF,Female,60-64,421
DF,Female,65-69,483
DF,Female,70-74,572
DF,Female,75-79,693
DF,Female,80-84,703
DF,Female,85-89,668
DF,Female,90+,698
DF,Male,0,212
DF,Male,01-04,43
DF,Male,05-09,17
DF,Male,10-14,18
DF,Male,15-19,126
DF,Male,20-24,198
DF,Male,25-29,193
DF,Male,30-34,197
DF,Male,35-39,285
DF,Male,40-44,303
DF,Male,45-49,348
DF,Male,50-54,454
DF,Male,55-59,521
DF,Male,60-64,572
DF,Male,65-69,649
DF,Male,70-74,623
DF,Male,75-79,663
DF,Male,80-84,713
DF,Male,85-89,443
DF,Male,90+,446
ES,Female,0,258
ES,Female,01-04,53
ES,Female,05-09,18
ES,Female,10-14,36
ES,Female,15-19,61
ES,Female,20-24,79
ES,Female,25-29,96
ES,Female,30-34,120
ES,Female,35-39,200
ES,Female,40-44,258
ES,Female,45-49,327
ES,Female,50-54,468
ES,Female,55-59,612
ES,Female,60-64,753
ES,Female,65-69,913
ES,Female,70-74,941
ES,Female,75-79,1183
ES,Female,80-84,1329
ES,Female,85-89,1400
ES,Female,90+,1455
ES,Male,0,320
ES,Male,01-04,55
ES,Male,05-09,22
ES,Male,10-14,55
ES,Male,15-19,326
ES,Male,20-24,413
ES,Male,25-29,353
ES,Male,30-34,347
ES,Male,35-39,409
ES,Male,40-44,502
ES,Male,45-49,585
ES,Male,50-54,787
ES,Male,55-59,1051
ES,Male,60-64,1325
ES,Male,65-69,1379
ES,Male,70-74,1345
ES,Male,75-79,1289
ES,Male,80-84,1305
ES,Male,85-89,1074
ES,Male,90+,886
GO,Female,0,547
GO,Female,01-04,93
GO,Female,05-09,51
GO,Female,10-14,45
GO,Female,15-19,110
GO,Female,20-24,176
GO,Female,25-29,161
GO,Female,30-34,265
GO,Female,35-39,351
GO,Female,40-44,443
GO,Female,45-49,626
GO,Female,50-54,797
GO,Female,55-59,1022
GO,Female,60-64,1338
GO,Female,65-69,1559
GO,Female,70-74,1786
GO,Female,75-79,2000
GO,Female,80-84,2101
GO,Female,85-89,1821
GO,Female,90+,1783
GO,Male,0,705
GO,Male,01-04,109
GO,Male,05-09,64
GO,Male,10-14,89
GO,Male,15-19,496
GO,Male,20-24,815
GO,Male,25-29,727
GO,Male,30-34,738
GO,Male,35-39,851
GO,Male,40-44,985
GO,Male,45-49,1100
GO,Male,50-54,1383
GO,Male,55-59,1700
GO,Male,60-64,2024
GO,Male,65-69,2183
GO,Male,70-74,2317
GO,Male,75-79,2386
GO,Male,80-84,2191
GO,Male,85-89,1593
GO,Male,90+,1369
MA,Female,0,686
MA,Female,01-04,118
MA,Female,05-09,55
MA,Female,10-14,92
MA,Female,15-19,143
MA,Female,20-24,187
MA,Female,25-29,201
MA,Female,30-34,287
MA,Female,35-39,355
MA,Female,40-44,405
MA,Female,45-49,486
MA,Female,50-54,629
MA,Female,55-59,817
MA,Female,60-64,1008
MA,Female,65-69,1283
MA,Female,70-74,1429
MA,Female,75-79,1629
MA,Female,80-84,1706
MA,Female,85-89,1484
MA,Female,90+,1632
MA,Male,0,929
MA,Male,01-04,174
MA,Male,05-09,93
MA,Male,10-14,131
MA,Male,15-19,465
MA,Male,20-24,680
MA,Male,25-29,704
MA,Male,30-34,775
MA,Male,35-39,875
MA,Male,40-44,844
MA,Male,45-49,895
MA,Male,50-54,988
MA,Male,55-59,1199
MA,Male,60-64,1400
MA,Male,65-69,1766
MA,Male,70-74,1800
MA,Male,75-79,2106
MA,Male,80-84,1839
MA,Male,85-89,1372
MA,Male,90+,1312
MG,Female,0,1303
MG,Female,01-04,225
MG,Female,05-09,106
MG,Female,10-14,148
MG,Female,15-19,279
MG,Female,20-24,420
MG,Female,25-29,433
MG,Female,30-34,667
MG,Female,35-39,1090
MG,Female,40-44,1337
MG,Female,45-49,1921
MG,Female,50-54,2600
MG,Female,55-59,3521
MG,Female,60-64,4590
MG,Female,65-69,5276
MG,Female,70-74,6047
MG,Female,75-79,7404
MG,Female,80-84,8338
MG,Female,85-89,8351
MG,Female,90+,9269
MG,Male,0,1627
MG,Male,01-04,275
MG,Male,05-09,163
MG,Male,10-14,199
MG,Male,15-19,949
MG,Male,20-24,1478
MG,Male,25-29,1436
MG,Male,30-34,1797
MG,Male,35-39,2275
MG,Male,40-44,2698
MG,Male,45-49,3402
MG,Male,50-54,4703
MG,Male,55-59,5844
MG,Male,60-64,6899
MG,Male,65-69,7882
MG,Male,70-74,7758
MG,Male,75-79,8308
MG,Male,80-84,8018
MG,Male,85-89,6370
MG,Male,90+,5219
MS,Female,0,235
MS,Female,01-04,38
MS,Female,05-09,24
MS,Female,10-14,28
MS,Female,15-19,46
MS,Female,20-24,61
MS,Female,25-29,99
MS,Female,30-34,97
MS,Female,35-39,147
MS,Female,40-44,186
MS,Female,45-49,246
MS,Female,50-54,341
MS,Female,55-59,442
MS,Female,60-64,501
MS,Female,65-69,640
MS,Female,70-74,774
MS,Female,75-79,812
MS,Female,80-84,857
MS,Female,85-89,761
MS,Female,90+,792
MS,Male,0,249
MS,Male,01-04,49
MS,Male,05-09,29
MS,Male,10-14,46
MS,Male,15-19,163
MS,Male,20-24,205
MS,Male,25-29,235
MS,Male,30-34,242
MS,Male,35-39,308
MS,Male,40-44,332
MS,Male,45-49,425
MS,Male,50-54,601
MS,Male,55-59,709
MS,Male,60-64,852
MS,Male,65-69,969
MS,Male,70-74,990
MS,Male,75-79,959
MS,Male,80-84,1009
MS,Male,85-89,696
MS,Male,90+,565
MT,Female,0,328
MT,Female,01-04,69
MT,Female,05-09,29
MT,Female,10-14,46
MT,Female,15-19,73
MT,Female,20-24,87
MT,Female,25-29,104
MT,Female,30-34,143
MT,Female,35-39,181
MT,Female,40-44,230
MT,Female,45-49,285
MT,Female,50-54,372
MT,Female,55-59,433
MT,Female,60-64,551
MT,Female,65-69,623
MT,Female,70-74,684
MT,Female,75-79,752
MT,Female,80-84,748
MT,Female,85-89,628
MT,Female,90+,629
MT,Male,0,414
MT,Male,01-04,73
MT,Male,05-09,31
MT,Male,10-14,56
MT,Male,15-19,232
MT,Male,20-24,337
MT,Male,25-29,370
MT,Male,30-34,354
MT,Male,35-39,413
MT,Male,40-44,516
MT,Male,45-49,580
MT,Male,50-54,714
MT,Male,55-59,878
MT,Male,60-64,1004
MT,Male,65-69,1107
MT,Male,70-74,1056
MT,Male,75-79,1075
MT,Male,80-84,916
MT,Male,85-89,689
MT,Male,90+,453
PA,Female,0,902
PA,Female,01-04,181
PA,Female,05-09,84
PA,Female,10-14,108
PA,Female,15-19,195
PA,Female,20-24,250
PA,Female,25-29,291
PA,Female,30-34,307
PA,Female,35-39,458
PA,Female,40-44,497
PA,Female,45-49,549
PA,Female,50-54,703
PA,Female,55-59,910
PA,Female,60-64,1142
PA,Female,65-69,1318
PA,Female,70-74,1487
PA,Female,75-79,1671
PA,Female,80-84,1682
PA,Female,85-89,1464
PA,Female,90+,1670
PA,Male,0,1167
PA,Male,01-04,216
PA,Male,05-09,118
PA,Male,10-14,156
PA,Male,15-19,823
PA,Male,20-24,1224
PA,Male,25-29,1095
PA,Male,30-34,1045
PA,Male,35-39,1039
PA,Male,40-44,1010
PA,Male,45-49,1003
PA,Male,50-54,1250
PA,Male,55-59,1526
PA,Male,60-64,1824
PA,Male,65-69,2101
PA,Male,70-74,2135
PA,Male,75-79,2266
PA,Male,80-84,1851
PA,Male,85-89,1419
PA,Male,90+,1159
PB,Female,0,350
PB,Female,01-04,55
PB,Female,05-09,29
PB,Female,10-14,41
PB,Female,15-19,49
PB,Female,20-24,91
PB,Female,25-29,91
PB,Female,30-34,140
PB,Female,35-39,212
PB,Female,40-44,270
PB,Female,45-49,376
PB,Female,50-54,458
PB,Female,55-59,595
PB,Female,60-64,769
PB,Female,65-69,1038
PB,Female,70-74,1183
PB,Female,75-79,1460
PB,Female,80-84,1743
PB,Female,85-89,1546
PB,Female,90+,2075
PB,Male,0,396
PB,Male,01-04,66
PB,Male,05-09,39
PB,Male,10-14,50
PB,Male,15-19,246
PB,Male,20-24,351
PB,Male,25-29,373
PB,Male,30-34,425
PB,Male,35-39,463
PB,Male,40-44,550
PB,Male,45-49,668
PB,Male,50-54,846
PB,Male,55-59,973
PB,Male,60-64,1092
PB,Male,65-69,1273
PB,Male,70-74,1468
PB,Male,75-79,1517
PB,Male,80-84,1444
PB,Male,85-89,1126
PB,Male,90+,1344
PE,Female,0,721
PE,Female,01-04,117
PE,Female,05-09,70
PE,Female,10-14,80
PE,Female,15-19,159
PE,Female,20-24,222
PE,Female,25-29,250
PE,Female,30-34,353
PE,Female,35-39,476
PE,Female,40-44,724
PE,Female,45-49,860
PE,Female,50-54,1255
PE,Female,55-59,1647
PE,Female,60-64,1947
PE,Female,65-69,2558
PE,Female,70-74,3016
PE,Female,75-79,3504
PE,Female,80-84,3874
PE,Female,85-89,3324
PE,Female,90+,4011
PE,Male,0,888
PE,Male,01-04,131
PE,Male,05-09,68
PE,Male,10-14,150
PE,Male,15-19,803
PE,Male,20-24,1175
PE,Male,25-29,1072
PE,Male,30-34,1120
PE,Male,35-39,1174
PE,Male,40-44,1376
PE,Male,45-49,1545
PE,Male,50-54,2079
PE,Male,55-59,2444
PE,Male,60-64,2750
PE,Male,65-69,3147
PE,Male,70-74,3401
PE,Male,75-79,3538
PE,Male,80-84,3168
PE,Male,85-89,2333
PE,Male,90+,2367
PI,Female,0,320
PI,Female,01-04,43
PI,Female,05-09,21
PI,Female,10-14,34
PI,Female,15-19,71
PI,Female,20-24,81
PI,Female,25-29,96
PI,Female,30-34,117
PI,Female,35-39,170
PI,Female,40-44,211
PI,Female,45-49,264
PI,Female,50-54,360
PI,Female,55-59,432
PI,Female,60-64,541
PI,Female,65-69,765
PI,Female,70-74,803
PI,Female,75-79,1043
PI,Female,80-84,1177
PI,Female,85-89,1069
PI,Female,90+,1367
PI,Male,0,374
PI,Male,01-04,58
PI,Male,05-09,31
PI,Male,10-14,49
PI,Male,15-19,194
PI,Male,20-24,307
PI,Male,25-29,317
PI,Male,30-34,395
PI,Male,35-39,412
PI,Male,40-44,462
PI,Male,45-49,457
PI,Male,50-54,619
PI,Male,55-59,689
PI,Male,60-64,745
PI,Male,65-69,968
PI,Male,70-74,1048
PI,Male,75-79,1147
PI,Male,80-84,1164
PI,Male,85-89,963
PI,Male,90+,1006
PR,Female,0,709
PR,Female,01-04,128
PR,Female,05-09,67
PR,Female,10-14,85
PR,Female,15-19,176
PR,Female,20-24,222
PR,Female,25-29,257
PR,Female,30-34,364
PR,Female,35-39,506
PR,Female,40-44,668
PR,Female,45-49,1020
PR,Female,50-54,1334
PR,Female,55-59,1876
PR,Female,60-64,2387
PR,Female,65-69,2985
PR,Female,70-74,3455
PR,Female,75-79,3963
PR,Female,80-84,4358
PR,Female,85-89,4032
PR,Female,90+,3771
PR,Male,0,866
PR,Male,01-04,155
PR,Male,05-09,79
PR,Male,10-14,102
PR,Male,15-19,574
PR,Male,20-24,1022
PR,Male,25-29,1008
PR,Male,30-34,940
PR,Male,35-39,1163
PR,Male,40-44,1328
PR,Male,45-49,1762
PR,Male,50-54,2404
PR,Male,55-59,3138
PR,Male,60-64,3925
PR,Male,65-69,4278
PR,Male,70-74,4699
PR,Male,75-79,4699
PR,Male,80-84,4401
PR,Male,85-89,3264
PR,Male,90+,2249
RJ,Female,0,1243
RJ,Female,01-04,192
RJ,Female,05-09,110
RJ,Female,10-14,114
RJ,Female,15-19,288
RJ,Female,20-24,426
RJ,Female,25-29,529
RJ,Female,30-34,722
RJ,Female,35-39,1060
RJ,Female,40-44,1445
RJ,Female,45-49,1985
RJ,Female,50-54,2793
RJ,Female,55-59,4031
RJ,Female,60-64,5486
RJ,Female,65-69,6455
RJ,Female,70-74,7228
RJ,Female,75-79,7768
RJ,Female,80-84,8867
RJ,Female,85-89,8856
RJ,Female,90+,9656
RJ,Male,0,1485
RJ,Male,01-04,252
RJ,Male,05-09,125
RJ,Male,10-14,178
RJ,Male,15-19,1549
RJ,Male,20-24,2232
RJ,Male,25-29,1904
RJ,Male,30-34,1723
RJ,Male,35-39,1919
RJ,Male,40-44,2188
RJ,Male,45-49,2848
RJ,Male,50-54,4084
RJ,Male,55-59,5636
RJ,Male,60-64,7518
RJ,Male,65-69,8436
RJ,Male,70-74,8287
RJ,Male,75-79,7578
RJ,Male,80-84,7101
RJ,Male,85-89,5438
RJ,Male,90+,4090
RN,Female,0,251
RN,Female,01-04,33
RN,Female,05-09,23
RN,Female,10-14,30
RN,Female,15-19,48
RN,Female,20-24,85
RN,Female,25-29,84
RN,Female,30-34,128
RN,Female,35-39,161
RN,Female,40-44,185
RN,Female,45-49,283
RN,Female,50-54,406
RN,Female,55-59,514
RN,Female,60-64,576
RN,Female,65-69,745
RN,Female,70-74,903
RN,Female,75-79,1161
RN,Female,80-84,1230
RN,Female,85-89,1089
RN,Female,90+,1684
RN,Male,0,284
RN,Male,01-04,50
RN,Male,05-09,32
RN,Male,10-14,38
RN,Male,15-19,333
RN,Male,20-24,439
RN,Male,25-29,406
RN,Male,30-34,367
RN,Male,35-39,407
RN,Male,40-44,455
RN,Male,45-49,524
RN,Male,50-54,696
RN,Male,55-59,828
RN,Male,60-64,870
RN,Male,65-69,1014
RN,Male,70-74,1138
RN,Male,75-79,1150
RN,Male,80-84,1112
RN,Male,85-89,914
RN,Male,90+,1085
RO,Female,0,150
RO,Female,01-04,29
RO,Female,05-09,8
RO,Female,10-14,16
RO,Female,15-19,29
RO,Female,20-24,30
RO,Female,25-29,42
RO,Female,30-34,68
RO,Female,35-39,99
RO,Female,40-44,101
RO,Female,45-49,117
RO,Female,50-54,164
RO,Female,55-59,210
RO,Female,60-64,270
RO,Female,65-69,301
RO,Female,70-74,338
RO,Female,75-79,319
RO,Female,80-84,363
RO,Female,85-89,315
RO,Female,90+,236
RO,Male,0,159
RO,Male,01-04,27
RO,Male,05-09,25
RO,Male,10-14,21
RO,Male,15-19,106
RO,Male,20-24,159
RO,Male,25-29,152
RO,Male,30-34,172
RO,Male,35-39,177
RO,Male,40-44,229
RO,Male,45-49,244
RO,Male,50-54,323
RO,Male,55-59,395
RO,Male,60-64,422
RO,Male,65-69,465
RO,Male,70-74,468
RO,Male,75-79,521
RO,Male,80-84,435
RO,Male,85-89,348
RO,Male,90+,251
RR,Female,0,118
RR,Female,01-04,21
RR,Female,05-09,17
RR,Female,10-14,11
RR,Female,15-19,30
RR,Female,20-24,30
RR,Female,25-29,23
RR,Female,30-34,23
RR,Female,35-39,37
RR,Female,40-44,50
RR,Female,45-49,37
RR,Female,50-54,51
RR,Female,55-59,67
RR,Female,60-64,51
RR,Female,65-69,74
RR,Female,70-74,85
RR,Female,75-79,77
RR,Female,80-84,63
RR,Female,85-89,68
RR,Female,90+,89
RR,Male,0,122
RR,Male,01-04,38
RR,Male,05-09,16
RR,Male,10-14,13
RR,Male,15-19,58
RR,Male,20-24,80
RR,Male,25-29,74
RR,Male,30-34,69
RR,Male,35-39,81
RR,Male,40-44,85
RR,Male,45-49,74
RR,Male,50-54,98
RR,Male,55-59,119
RR,Male,60-64,138
RR,Male,65-69,139
RR,Male,70-74,142
RR,Male,75-79,127
RR,Male,80-84,103
RR,Male,85-89,68
RR,Male,90+,52
RS,Female,0,635
RS,Female,01-04,83
RS,Female,05-09,53
RS,Female,10-14,81
RS,Female,15-19,149
RS,Female,20-24,195
RS,Female,25-29,252
RS,Female,30-34,349
RS,Female,35-39,557
RS,Female,40-44,752
RS,Female,45-49,1003
RS,Female,50-54,1492
RS,Female,55-59,2162
RS,Female,60-64,3018
RS,Female,65-69,3715
RS,Female,70-74,4305
RS,Female,75-79,5005
RS,Female,80-84,5983
RS,Female,85-89,5956
RS,Female,90+,6146
RS,Male,0,786
RS,Male,01-04,114
RS,Male,05-09,88
RS,Male,10-14,101
RS,Male,15-19,539
RS,Male,20-24,816
RS,Male,25-29,804
RS,Male,30-34,884
RS,Male,35-39,1060
RS,Male,40-44,1233
RS,Male,45-49,1574
RS,Male,50-54,2420
RS,Male,55-59,3667
RS,Male,60-64,4732
RS,Male,65-69,5470
RS,Male,70-74,5765
RS,Male,75-79,5713
RS,Male,80-84,4952
RS,Male,85-89,3854
RS,Male,90+,2559
SC,Female,0,427
SC,Female,01-04,43
SC,Female,05-09,54
SC,Female,10-14,46
SC,Female,15-19,96
SC,Female,20-24,121
SC,Female,25-29,153
SC,Female,30-34,204
SC,Female,35-39,304
SC,Female,40-44,396
SC,Female,45-49,558
SC,Female,50-54,857
SC,Female,55-59,1103
SC,Female,60-64,1413
SC,Female,65-69,1730
SC,Female,70-74,1924
SC,Female,75-79,2181
SC,Female,80-84,2532
SC,Female,85-89,2327
SC,Female,90+,2379
SC,Male,0,512
SC,Male,01-04,83
SC,Male,05-09,35
SC,Male,10-14,64
SC,Male,15-19,281
SC,Male,20-24,493
SC,Male,25-29,447
SC,Male,30-34,527
SC,Male,35-39,543
SC,Male,40-44,766
SC,Male,45-49,960
SC,Male,50-54,1436
SC,Male,55-59,1895
SC,Male,60-64,2294
SC,Male,65-69,2624
SC,Male,70-74,2683
SC,Male,75-79,2536
SC,Male,80-84,2318
SC,Male,85-89,1714
SC,Male,90+,1181
SE,Female,0,248
SE,Female,01-04,23
SE,Female,05-09,15
SE,Female,10-14,22
SE,Female,15-19,39
SE,Female,20-24,53
SE,Female,25-29,50
SE,Female,30-34,80
SE,Female,35-39,115
SE,Female,40-44,137
SE,Female,45-49,186
SE,Female,50-54,288
SE,Female,55-59,300
SE,Female,60-64,403
SE,Female,65-69,498
SE,Female,70-74,524
SE,Female,75-79,682
SE,Female,80-84,675
SE,Female,85-89,636
SE,Female,90+,843
SE,Male,0,306
SE,Male,01-04,40
SE,Male,05-09,24
SE,Male,10-14,35
SE,Male,15-19,205
SE,Male,20-24,347
SE,Male,25-29,285
SE,Male,30-34,258
SE,Male,35-39,329
SE,Male,40-44,329
SE,Male,45-49,335
SE,Male,50-54,427
SE,Male,55-59,500
SE,Male,60-64,573
SE,Male,65-69,665
SE,Male,70-74,660
SE,Male,75-79,684
SE,Male,80-84,618
SE,Male,85-89,475
SE,Male,90+,544
SP,Female,0,2888
SP,Female,01-04,440
SP,Female,05-09,224
SP,Female,10-14,259
SP,Female,15-19,597
SP,Female,20-24,898
SP,Female,25-29,1007
SP,Female,30-34,1456
SP,Female,35-39,2028
SP,Female,40-44,2929
SP,Female,45-49,3845
SP,Female,50-54,5371
SP,Female,55-59,7753
SP,Female,60-64,10435
SP,Female,65-69,12705
SP,Female,70-74,14133
SP,Female,75-79,16064
SP,Female,80-84,19033
SP,Female,85-89,18747
SP,Female,90+,20565
SP,Male,0,3538
SP,Male,01-04,581
SP,Male,05-09,271
SP,Male,10-14,364
SP,Male,15-19,1544
SP,Male,20-24,2701
SP,Male,25-29,2651
SP,Male,30-34,3231
SP,Male,35-39,4137
SP,Male,40-44,5197
SP,Male,45-49,6836
SP,Male,50-54,9784
SP,Male,55-59,13114
SP,Male,60-64,16555
SP,Male,65-69,17832
SP,Male,70-74,18074
SP,Male,75-79,17781
SP,Male,80-84,17015
SP,Male,85-89,13192
SP,Male,90+,9837
TO,Female,0,137
TO,Female,01-04,21
TO,Female,05-09,13
TO,Female,10-14,22
TO,Female,15-19,25
TO,Female,20-24,23
TO,Female,25-29,55
TO,Female,30-34,71
TO,Female,35-39,65
TO,Female,40-44,92
TO,Female,45-49,111
TO,Female,50-54,123
TO,Female,55-59,171
TO,Female,60-64,225
TO,Female,65-69,252
TO,Female,70-74,253
TO,Female,75-79,364
TO,Female,80-84,379
TO,Female,85-89,332
TO,Female,90+,344
TO,Male,0,146
TO,Male,01-04,38
TO,Male,05-09,20
TO,Male,10-14,37
TO,Male,15-19,141
TO,Male,20-24,168
TO,Male,25-29,159
TO,Male,30-34,174
TO,Male,35-39,196
TO,Male,40-44,194
TO,Male,45-49,218
TO,Male,50-54,275
TO,Male,55-59,294
TO,Male,60-64,372
TO,Male,65-69,390
TO,Male,70-74,409
TO,Male,75-79,462
TO,Male,80-84,497
TO,Male,85-89,380
TO,Male,90+,335
AC,Total,0,258
AC,Total,01-04,57
AC,Total,05-09,38
AC,Total,10-14,27
AC,Total,15-19,103
AC,Total,20-24,129
AC,Total,25-29,132
AC,Total,30-34,131
AC,Total,35-39,147
AC,Total,40-44,132
AC,Total,45-49,190
AC,Total,50-54,213
AC,Total,55-59,244
AC,Total,60-64,305
AC,Total,65-69,325
AC,Total,70-74,338
AC,Total,75-79,392
AC,Total,80-84,334
AC,Total,85-89,267
AC,Total,90+,314
AL,Total,0,653
AL,Total,01-04,122
AL,Total,05-09,73
AL,Total,10-14,94
AL,Total,15-19,381
AL,Total,20-24,542
AL,Total,25-29,440
AL,Total,30-34,453
AL,Total,35-39,558
AL,Total,40-44,677
AL,Total,45-49,821
AL,Total,50-54,1120
AL,Total,55-59,1320
AL,Total,60-64,1579
AL,Total,65-69,1916
AL,Total,70-74,2085
AL,Total,75-79,2120
AL,Total,80-84,2029
AL,Total,85-89,1640
AL,Total,90+,1629
AM,Total,0,1232
AM,Total,01-04,242
AM,Total,05-09,110
AM,Total,10-14,157
AM,Total,15-19,507
AM,Total,20-24,754
AM,Total,25-29,715
AM,Total,30-34,643
AM,Total,35-39,648
AM,Total,40-44,728
AM,Total,45-49,745
AM,Total,50-54,875
AM,Total,55-59,1105
AM,Total,60-64,1305
AM,Total,65-69,1507
AM,Total,70-74,1518
AM,Total,75-79,1573
AM,Total,80-84,1508
AM,Total,85-89,1161
AM,Total,90+,1222
AP,Total,0,288
AP,Total,01-04,58
AP,Total,05-09,29
AP,Total,10-14,31
AP,Total,15-19,156
AP,Total,20-24,183
AP,Total,25-29,120
AP,Total,30-34,115
AP,Total,35-39,111
AP,Total,40-44,132
AP,Total,45-49,144
AP,Total,50-54,181
AP,Total,55-59,221
AP,Total,60-64,255
AP,Total,65-69,266
AP,Total,70-74,273
AP,Total,75-79,269
AP,Total,80-84,248
AP,Total,85-89,213
AP,Total,90+,212
BA,Total,0,2935
BA,Total,01-04,410
BA,Total,05-09,251
BA,Total,10-14,378
BA,Total,15-19,1830
BA,Total,20-24,2669
BA,Total,25-29,2238
BA,Total,30-34,2414
BA,Total,35-39,2829
BA,Total,40-44,3234
BA,Total,45-49,3571
BA,Total,50-54,4758
BA,Total,55-59,5729
BA,Total,60-64,6841
BA,Total,65-69,7675
BA,Total,70-74,8237
BA,Total,75-79,9362
BA,Total,80-84,9141
BA,Total,85-89,8242
BA,Total,90+,10296
CE,Total,0,1569
CE,Total,01-04,255
CE,Total,05-09,179
CE,Total,10-14,219
CE,Total,15-19,809
CE,Total,20-24,1207
CE,Total,25-29,1119
CE,Total,30-34,1314
CE,Total,35-39,1452
CE,Total,40-44,1679
CE,Total,45-49,2048
CE,Total,50-54,2682
CE,Total,55-59,3214
CE,Total,60-64,3734
CE,Total,65-69,4512
CE,Total,70-74,5176
CE,Total,75-79,6018
CE,Total,80-84,6513
CE,Total,85-89,5425
CE,Total,90+,7378
DF,Total,0,361
DF,Total,01-04,74
DF,Total,05-09,35
DF,Total,10-14,38
DF,Total,15-19,164
DF,Total,20-24,236
DF,Total,25-29,252
DF,Total,30-34,266
DF,Total,35-39,417
DF,Total,40-44,451
DF,Total,45-49,556
DF,Total,50-54,732
DF,Total,55-59,865
DF,Total,60-64,993
DF,Total,65-69,1132
DF,Total,70-74,1195
DF,Total,75-79,1356
DF,Total,80-84,1416
DF,Total,85-89,1111
DF,Total,90+,1144
ES,Total,0,578
ES,Total,01-04,108
ES,Total,05-09,40
ES,Total,10-14,91
ES,Total,15-19,387
ES,Total,20-24,492
ES,Total,25-29,449
ES,Total,30-34,467
ES,Total,35-39,609
ES,Total,40-44,760
ES,Total,45-49,912
ES,Total,50-54,1255
ES,Total,55-59,1663
ES,Total,60-64,2078
ES,Total,65-69,2292
ES,Total,70-74,2286
ES,Total,75-79,2472
ES,Total,80-84,2634
ES,Total,85-89,2474
ES,Total,90+,2341
GO,Total,0,1252
GO,Total,01-04,202
GO,Total,05-09,115
GO,Total,10-14,134
GO,Total,15-19,606
GO,Total,20-24,991
GO,Total,25-29,888
GO,Total,30-34,1003
GO,Total,35-39,1202
GO,Total,40-44,1428
GO,Total,45-49,1726
GO,Total,50-54,2180
GO,Total,55-59,2722
GO,Total,60-64,3362
GO,Total,65-69,3742
GO,Total,70-74,4103
GO,Total,75-79,4386
GO,Total,80-84,4292
GO,Total,85-89,3414
GO,Total,90+,3152
MA,Total,0,1615
MA,Total,01-04,292
MA,Total,05-09,148
MA,Total,10-14,223
MA,Total,15-19,608
MA,Total,20-24,867
MA,Total,25-29,905
MA,Total,30-34,1062
MA,Total,35-39,1230
MA,Total,40-44,1249
MA,Total,45-49,1381
MA,Total,50-54,1617
MA,Total,55-59,2016
MA,Total,60-64,2408
MA,Total,65-69,3049
MA,Total,70-74,3229
MA,Total,75-79,3735
MA,Total,80-84,3545
MA,Total,85-89,2856
MA,Total,90+,2944
MG,Total,0,2930
MG,Total,01-04,500
MG,Total,05-09,269
MG,Total,10-14,347
MG,Total,15-19,1228
MG,Total,20-24,1898
MG,Total,25-29,1869
MG,Total,30-34,2464
MG,Total,35-39,3365
MG,Total,40-44,4035
MG,Total,45-49,5323
MG,Total,50-54,7303
MG,Total,55-59,9365
MG,Total,60-64,11489
MG,Total,65-69,13158
MG,Total,70-74,13805
MG,Total,75-79,15712
MG,Total,80-84,16356
MG,Total,85-89,14721
MG,Total,90+,14488
MS,Total,0,484
MS,Total,01-04,87
MS,Total,05-09,53
MS,Total,10-14,74
MS,Total,15-19,209
MS,Total,20-24,266
MS,Total,25-29,334
MS,Total,30-34,339
MS,Total,35-39,455
MS,Total,40-44,518
MS,Total,45-49,671
MS,Total,50-54,942
MS,Total,55-59,1151
MS,Total,60-64,1353
MS,Total,65-69,1609
MS,Total,70-74,1764
MS,Total,75-79,1771
MS,Total,80-84,1866
MS,Total,85-89,1457
MS,Total,90+,1357
MT,Total,0,742
MT,Total,01-04,142
MT,Total,05-09,60
MT,Total,10-14,102
MT,Total,15-19,305
MT,Total,20-24,424
MT,Total,25-29,474
MT,Total,30-34,497
MT,Total,35-39,594
MT,Total,40-44,746
MT,Total,45-49,865
MT,Total,50-54,1086
MT,Total,55-59,1311
MT,Total,60-64,1555
MT,Total,65-69,1730
MT,Total,70-74,1740
MT,Total,75-79,1827
MT,Total,80-84,1664
MT,Total,85-89,1317
MT,Total,90+,1082
PA,Total,0,2069
PA,Total,01-04,397
PA,Total,05-09,202
PA,Total,10-14,264
PA,Total,15-19,1018
PA,Total,20-24,1474
PA,Total,25-29,1386
PA,Total,30-34,1352
PA,Total,35-39,1497
PA,Total,40-44,1507
PA,Total,45-49,1552
PA,Total,50-54,1953
PA,Total,55-59,2436
PA,Total,60-64,2966
PA,Total,65-69,3419
PA,Total,70-74,3622
PA,Total,75-79,3937
PA,Total,80-84,3533
PA,Total,85-89,2883
PA,Total,90+,2829
PB,Total,0,746
PB,Total,01-04,121
PB,Total,05-09,68
PB,Total,10-14,91
PB,Total,15-19,295
PB,Total,20-24,442
PB,Total,25-29,464
PB,Total,30-34,565
PB,Total,35-39,675
PB,Total,40-44,820
PB,Total,45-49,1044
PB,Total,50-54,1304
PB,Total,55-59,1568
PB,Total,60-64,1861
PB,Total,65-69,2311
PB,Total,70-74,2651
PB,Total,75-79,2977
PB,Total,80-84,3187
PB,Total,85-89,2672
PB,Total,90+,3419
PE,Total,0,1609
PE,Total,01-04,248
PE,Total,05-09,138
PE,Total,10-14,230
PE,Total,15-19,962
PE,Total,20-24,1397
PE,Total,25-29,1322
PE,Total,30-34,1473
PE,Total,35-39,1650
PE,Total,40-44,2100
PE,Total,45-49,2405
PE,Total,50-54,3334
PE,Total,55-59,4091
PE,Total,60-64,4697
PE,Total,65-69,5705
PE,Total,70-74,6417
PE,Total,75-79,7042
PE,Total,80-84,7042
PE,Total,85-89,5657
PE,Total,90+,6378
PI,Total,0,694
PI,Total,01-04,101
PI,Total,05-09,52
PI,Total,10-14,83
PI,Total,15-19,265
PI,Total,20-24,388
PI,Total,25-29,413
PI,Total,30-34,512
PI,Total,35-39,582
PI,Total,40-44,673
PI,Total,45-49,721
PI,Total,50-54,979
PI,Total,55-59,1121
PI,Total,60-64,1286
PI,Total,65-69,1733
PI,Total,70-74,1851
PI,Total,75-79,2190
PI,Total,80-84,2341
PI,Total,85-89,2032
PI,Total,90+,2373
PR,Total,0,1575
PR,Total,01-04,283
PR,Total,05-09,146
PR,Total,10-14,187
PR,Total,15-19,750
PR,Total,20-24,1244
PR,Total,25-29,1265
PR,Total,30-34,1304
PR,Total,35-39,1669
PR,Total,40-44,1996
PR,Total,45-49,2782
PR,Total,50-54,3738
PR,Total,55-59,5014
PR,Total,60-64,6312
PR,Total,65-69,7263
PR,Total,70-74,8154
PR,Total,75-79,8662
PR,Total,80-84,8759
PR,Total,85-89,7296
PR,Total,90+,6020
RJ,Total,0,2728
RJ,Total,01-04,444
RJ,Total,05-09,235
RJ,Total,10-14,292
RJ,Total,15-19,1837
RJ,Total,20-24,2658
RJ,Total,25-29,2433
RJ,Total,30-34,2445
RJ,Total,35-39,2979
RJ,Total,40-44,3633
RJ,Total,45-49,4833
RJ,Total,50-54,6877
RJ,Total,55-59,9667
RJ,Total,60-64,13004
RJ,Total,65-69,14891
RJ,Total,70-74,15515
RJ,Total,75-79,15346
RJ,Total,80-84,15968
RJ,Total,85-89,14294
RJ,Total,90+,13746
RN,Total,0,535
RN,Total,01-04,83
RN,Total,05-09,55
RN,Total,10-14,68
RN,Total,15-19,381
RN,Total,20-24,524
RN,Total,25-29,490
RN,Total,30-34,495
RN,Total,35-39,568
RN,Total,40-44,640
RN,Total,45-49,807
RN,Total,50-54,1102
RN,Total,55-59,1342
RN,Total,60-64,1446
RN,Total,65-69,1759
RN,Total,70-74,2041
RN,Total,75-79,2311
RN,Total,80-84,2342
RN,Total,85-89,2003
RN,Total,90+,2769
RO,Total,0,309
RO,Total,01-04,56
RO,Total,05-09,33
RO,Total,10-14,37
RO,Total,15-19,135
RO,Total,20-24,189
RO,Total,25-29,194
RO,Total,30-34,240
RO,Total,35-39,276
RO,Total,40-44,330
RO,Total,45-49,361
RO,Total,50-54,487
RO,Total,55-59,605
RO,Total,60-64,692
RO,Total,65-69,766
RO,Total,70-74,806
RO,Total,75-79,840
RO,Total,80-84,798
RO,Total,85-89,663
RO,Total,90+,487
RR,Total,0,240
RR,Total,01-04,59
RR,Total,05-09,33
RR,Total,10-14,24
RR,Total,15-19,88
RR,Total,20-24,110
RR,Total,25-29,97
RR,Total,30-34,92
RR,Total,35-39,118
RR,Total,40-44,135
RR,Total,45-49,111
RR,Total,50-54,149
RR,Total,55-59,186
RR,Total,60-64,189
RR,Total,65-69,213
RR,Total,70-74,227
RR,Total,75-79,204
RR,Total,80-84,166
RR,Total,85-89,136
RR,Total,90+,141
RS,Total,0,1421
RS,Total,01-04,197
RS,Total,05-09,141
RS,Total,10-14,182
RS,Total,15-19,688
RS,Total,20-24,1011
RS,Total,25-29,1056
RS,Total,30-34,1233
RS,Total,35-39,1617
RS,Total,40-44,1985
RS,Total,45-49,2577
RS,Total,50-54,3912
RS,Total,55-59,5829
RS,Total,60-64,7750
RS,Total,65-69,9185
RS,Total,70-74,10070
RS,Total,75-79,10718
RS,Total,80-84,10935
RS,Total,85-89,9810
RS,Total,90+,8705
SC,Total,0,939
SC,Total,01-04,126
SC,Total,05-09,89
SC,Total,10-14,110
SC,Total,15-19,377
SC,Total,20-24,614
SC,Total,25-29,600
SC,Total,30-34,731
SC,Total,35-39,847
SC,Total,40-44,1162
SC,Total,45-49,1518
SC,Total,50-54,2293
SC,Total,55-59,2998
SC,Total,60-64,3707
SC,Total,65-69,4354
SC,Total,70-74,4607
SC,Total,75-79,4717
SC,Total,80-84,4850
SC,Total,85-89,4041
SC,Total,90+,3560
SE,Total,0,554
SE,Total,01-04,63
SE,Total,05-09,39
SE,Total,10-14,57
SE,Total,15-19,244
SE,Total,20-24,400
SE,Total,25-29,335
SE,Total,30-34,338
SE,Total,35-39,444
SE,Total,40-44,466
SE,Total,45-49,521
SE,Total,50-54,715
SE,Total,55-59,800
SE,Total,60-64,976
SE,Total,65-69,1163
SE,Total,70-74,1184
SE,Total,75-79,1366
SE,Total,80-84,1293
SE,Total,85-89,1111
SE,Total,90+,1387
SP,Total,0,6426
SP,Total,01-04,1021
SP,Total,05-09,495
SP,Total,10-14,623
SP,Total,15-19,2141
SP,Total,20-24,3599
SP,Total,25-29,3658
SP,Total,30-34,4687
SP,Total,35-39,6165
SP,Total,40-44,8126
SP,Total,45-49,10681
SP,Total,50-54,15155
SP,Total,55-59,20867
SP,Total,60-64,26990
SP,Total,65-69,30537
SP,Total,70-74,32207
SP,Total,75-79,33845
SP,Total,80-84,36048
SP,Total,85-89,31939
SP,Total,90+,30402
TO,Total,0,283
TO,Total,01-04,59
TO,Total,05-09,33
TO,Total,10-14,59
TO,Total,15-19,166
TO,Total,20-24,191
TO,Total,25-29,214
TO,Total,30-34,245
TO,Total,35-39,261
TO,Total,40-44,286
TO,Total,45-49,329
TO,Total,50-54,398
TO,Total,55-59,465
TO,Total,60-64,597
TO,Total,65-69,642
TO,Total,70-74,662
TO,Total,75-79,826
TO,Total,80-84,876
TO,Total,85-89,712
TO,Total,90+,679