Appendix 2a. 2020 All-cause and COVID-19 Deaths as Reported by the MOH,,,,
State,Sex,Age Group,All-cause Deaths,Covid-19 Deaths
Brazil,Female,0,13850,117
Brazil,Female,1-4,2084,84
Brazil,Female,5-9,1061,43
Brazil,Female,10-14,1544,58
Brazil,Female,15-19,3417,168
Brazil,Female,20-24,5001,321
Brazil,Female,25-29,5884,472
Brazil,Female,30-34,8107,818
Brazil,Female,35-39,12052,1441
Brazil,Female,40-44,16339,2110
Brazil,Female,45-49,20994,2823
Brazil,Female,50-54,28561,4003
Brazil,Female,55-59,38977,5759
Brazil,Female,60-64,51468,8203
Brazil,Female,65-69,62112,10084
Brazil,Female,70-74,71178,11115
Brazil,Female,75-79,76920,11270
Brazil,Female,80-84,87684,11479
Brazil,Female,85-89,78897,9160
Brazil,Female,90,90485,8124
Brazil,Male,0,17184,151
Brazil,Male,1-4,2456,74
Brazil,Male,5-9,1492,55
Brazil,Male,10-14,2290,62
Brazil,Male,15-19,13021,165
Brazil,Male,20-24,21514,361
Brazil,Male,25-29,19963,641
Brazil,Male,30-34,21592,1320
Brazil,Male,35-39,25747,2257
Brazil,Male,40-44,30865,3416
Brazil,Male,45-49,37389,4724
Brazil,Male,50-54,50141,6593
Brazil,Male,55-59,64978,9346
Brazil,Male,60-64,79658,12497
Brazil,Male,65-69,90778,15441
Brazil,Male,70-74,93827,16372
Brazil,Male,75-79,90291,15063
Brazil,Male,80-84,85381,13361
Brazil,Male,85-89,62821,9122
Brazil,Male,90,53553,6205
Brazil,Total,0,31034,268
Brazil,Total,1-4,4540,158
Brazil,Total,5-9,2553,98
Brazil,Total,10-14,3834,120
Brazil,Total,15-19,16438,333
Brazil,Total,20-24,26515,682
Brazil,Total,25-29,25847,1113
Brazil,Total,30-34,29699,2138
Brazil,Total,35-39,37799,3698
Brazil,Total,40-44,47204,5526
Brazil,Total,45-49,58383,7547
Brazil,Total,50-54,78702,10596
Brazil,Total,55-59,103955,15105
Brazil,Total,60-64,131126,20700
Brazil,Total,65-69,152890,25525
Brazil,Total,70-74,165005,27487
Brazil,Total,75-79,167211,26333
Brazil,Total,80-84,173065,24840
Brazil,Total,85-89,141718,18282
Brazil,Total,90,144038,14329
AC,Female,0,104,2
AC,Female,1-4,16,0
AC,Female,5-9,10,0
AC,Female,10-14,12,0
AC,Female,15-19,26,2
AC,Female,20-24,29,2
AC,Female,25-29,28,5
AC,Female,30-34,35,8
AC,Female,35-39,54,10
AC,Female,40-44,53,6
AC,Female,45-49,78,12
AC,Female,50-54,90,16
AC,Female,55-59,119,23
AC,Female,60-64,154,37
AC,Female,65-69,173,35
AC,Female,70-74,162,38
AC,Female,75-79,196,40
AC,Female,80-84,174,28
AC,Female,85-89,154,22
AC,Female,90,147,20
AC,Male,0,141,1
AC,Male,1-4,25,3
AC,Male,5-9,20,0
AC,Male,10-14,21,0
AC,Male,15-19,97,3
AC,Male,20-24,101,0
AC,Male,25-29,98,4
AC,Male,30-34,108,6
AC,Male,35-39,134,14
AC,Male,40-44,123,20
AC,Male,45-49,145,23
AC,Male,50-54,159,35
AC,Male,55-59,171,36
AC,Male,60-64,255,58
AC,Male,65-69,258,59
AC,Male,70-74,265,60
AC,Male,75-79,263,50
AC,Male,80-84,244,49
AC,Male,85-89,180,37
AC,Male,90,176,30
AC,Total,0,245,3
AC,Total,1-4,41,3
AC,Total,5-9,30,0
AC,Total,10-14,33,0
AC,Total,15-19,123,5
AC,Total,20-24,130,2
AC,Total,25-29,126,9
AC,Total,30-34,143,14
AC,Total,35-39,188,24
AC,Total,40-44,176,26
AC,Total,45-49,223,35
AC,Total,50-54,249,51
AC,Total,55-59,290,59
AC,Total,60-64,409,95
AC,Total,65-69,431,94
AC,Total,70-74,427,98
AC,Total,75-79,459,90
AC,Total,80-84,418,77
AC,Total,85-89,334,59
AC,Total,90,323,50
AL,Female,0,242,3
AL,Female,1-4,41,3
AL,Female,5-9,29,2
AL,Female,10-14,27,4
AL,Female,15-19,67,4
AL,Female,20-24,89,10
AL,Female,25-29,83,8
AL,Female,30-34,152,16
AL,Female,35-39,193,31
AL,Female,40-44,287,45
AL,Female,45-49,397,63
AL,Female,50-54,530,90
AL,Female,55-59,705,122
AL,Female,60-64,878,173
AL,Female,65-69,1040,172
AL,Female,70-74,1174,183
AL,Female,75-79,1223,183
AL,Female,80-84,1283,179
AL,Female,85-89,983,103
AL,Female,90,1085,90
AL,Male,0,322,4
AL,Male,1-4,40,3
AL,Male,5-9,31,1
AL,Male,10-14,50,2
AL,Male,15-19,339,9
AL,Male,20-24,484,8
AL,Male,25-29,410,9
AL,Male,30-34,409,29
AL,Male,35-39,476,33
AL,Male,40-44,555,59
AL,Male,45-49,683,101
AL,Male,50-54,805,105
AL,Male,55-59,989,143
AL,Male,60-64,1140,200
AL,Male,65-69,1322,249
AL,Male,70-74,1398,263
AL,Male,75-79,1428,268
AL,Male,80-84,1139,214
AL,Male,85-89,760,116
AL,Male,90,702,79
AL,Total,0,564,7
AL,Total,1-4,81,6
AL,Total,5-9,60,3
AL,Total,10-14,77,6
AL,Total,15-19,406,13
AL,Total,20-24,573,18
AL,Total,25-29,493,17
AL,Total,30-34,561,45
AL,Total,35-39,669,64
AL,Total,40-44,842,104
AL,Total,45-49,1080,164
AL,Total,50-54,1335,195
AL,Total,55-59,1694,265
AL,Total,60-64,2018,373
AL,Total,65-69,2362,421
AL,Total,70-74,2572,446
AL,Total,75-79,2651,451
AL,Total,80-84,2422,393
AL,Total,85-89,1743,219
AL,Total,90,1787,169
AM,Female,0,446,8
AM,Female,1-4,95,4
AM,Female,5-9,42,1
AM,Female,10-14,59,2
AM,Female,15-19,111,6
AM,Female,20-24,124,16
AM,Female,25-29,155,12
AM,Female,30-34,184,21
AM,Female,35-39,225,38
AM,Female,40-44,319,71
AM,Female,45-49,392,70
AM,Female,50-54,447,98
AM,Female,55-59,640,160
AM,Female,60-64,761,198
AM,Female,65-69,931,275
AM,Female,70-74,924,261
AM,Female,75-79,986,277
AM,Female,80-84,1008,246
AM,Female,85-89,830,173
AM,Female,90,923,151
AM,Male,0,588,11
AM,Male,1-4,106,4
AM,Male,5-9,64,3
AM,Male,10-14,81,2
AM,Male,15-19,356,8
AM,Male,20-24,568,15
AM,Male,25-29,519,16
AM,Male,30-34,475,40
AM,Male,35-39,564,61
AM,Male,40-44,628,123
AM,Male,45-49,673,148
AM,Male,50-54,793,192
AM,Male,55-59,1068,295
AM,Male,60-64,1236,381
AM,Male,65-69,1504,516
AM,Male,70-74,1484,480
AM,Male,75-79,1415,429
AM,Male,80-84,1263,360
AM,Male,85-89,862,231
AM,Male,90,764,168
AM,Total,0,1034,19
AM,Total,1-4,201,8
AM,Total,5-9,106,4
AM,Total,10-14,140,4
AM,Total,15-19,467,14
AM,Total,20-24,692,31
AM,Total,25-29,674,28
AM,Total,30-34,659,61
AM,Total,35-39,789,99
AM,Total,40-44,947,194
AM,Total,45-49,1065,218
AM,Total,50-54,1240,290
AM,Total,55-59,1708,455
AM,Total,60-64,1997,579
AM,Total,65-69,2435,791
AM,Total,70-74,2408,741
AM,Total,75-79,2401,706
AM,Total,80-84,2271,606
AM,Total,85-89,1692,404
AM,Total,90,1687,319
AP,Female,0,120,2
AP,Female,1-4,17,0
AP,Female,5-9,10,0
AP,Female,10-14,13,0
AP,Female,15-19,18,1
AP,Female,20-24,35,5
AP,Female,25-29,45,10
AP,Female,30-34,38,3
AP,Female,35-39,59,15
AP,Female,40-44,83,24
AP,Female,45-49,85,22
AP,Female,50-54,83,26
AP,Female,55-59,107,29
AP,Female,60-64,127,39
AP,Female,65-69,151,44
AP,Female,70-74,121,33
AP,Female,75-79,154,54
AP,Female,80-84,137,36
AP,Female,85-89,134,35
AP,Female,90,159,27
AP,Male,0,145,1
AP,Male,1-4,22,1
AP,Male,5-9,6,0
AP,Male,10-14,14,2
AP,Male,15-19,92,0
AP,Male,20-24,164,3
AP,Male,25-29,129,9
AP,Male,30-34,116,10
AP,Male,35-39,98,26
AP,Male,40-44,134,34
AP,Male,45-49,138,35
AP,Male,50-54,180,55
AP,Male,55-59,210,64
AP,Male,60-64,221,62
AP,Male,65-69,245,93
AP,Male,70-74,248,100
AP,Male,75-79,259,89
AP,Male,80-84,174,58
AP,Male,85-89,158,35
AP,Male,90,109,24
AP,Total,0,265,3
AP,Total,1-4,39,1
AP,Total,5-9,16,0
AP,Total,10-14,27,2
AP,Total,15-19,110,1
AP,Total,20-24,199,8
AP,Total,25-29,174,19
AP,Total,30-34,154,13
AP,Total,35-39,157,41
AP,Total,40-44,217,58
AP,Total,45-49,223,57
AP,Total,50-54,263,81
AP,Total,55-59,317,93
AP,Total,60-64,348,101
AP,Total,65-69,396,137
AP,Total,70-74,369,133
AP,Total,75-79,413,143
AP,Total,80-84,311,94
AP,Total,85-89,292,70
AP,Total,90,268,51
BA,Female,0,1171,10
BA,Female,1-4,148,8
BA,Female,5-9,103,4
BA,Female,10-14,118,3
BA,Female,15-19,294,17
BA,Female,20-24,389,17
BA,Female,25-29,430,32
BA,Female,30-34,622,50
BA,Female,35-39,975,96
BA,Female,40-44,1294,158
BA,Female,45-49,1543,179
BA,Female,50-54,1992,223
BA,Female,55-59,2488,271
BA,Female,60-64,3116,390
BA,Female,65-69,3673,481
BA,Female,70-74,4283,531
BA,Female,75-79,4692,548
BA,Female,80-84,5536,592
BA,Female,85-89,4980,502
BA,Female,90,6739,467
BA,Male,0,1486,21
BA,Male,1-4,174,3
BA,Male,5-9,109,6
BA,Male,10-14,194,4
BA,Male,15-19,1583,13
BA,Male,20-24,2446,28
BA,Male,25-29,2124,45
BA,Male,30-34,1958,69
BA,Male,35-39,2287,132
BA,Male,40-44,2496,183
BA,Male,45-49,2761,252
BA,Male,50-54,3480,340
BA,Male,55-59,4185,441
BA,Male,60-64,4935,591
BA,Male,65-69,5399,718
BA,Male,70-74,5787,748
BA,Male,75-79,5749,737
BA,Male,80-84,5538,658
BA,Male,85-89,4223,483
BA,Male,90,4500,374
BA,Total,0,2657,31
BA,Total,1-4,322,11
BA,Total,5-9,212,10
BA,Total,10-14,312,7
BA,Total,15-19,1877,30
BA,Total,20-24,2835,45
BA,Total,25-29,2554,77
BA,Total,30-34,2580,119
BA,Total,35-39,3262,228
BA,Total,40-44,3790,341
BA,Total,45-49,4304,431
BA,Total,50-54,5472,563
BA,Total,55-59,6673,712
BA,Total,60-64,8051,981
BA,Total,65-69,9072,1199
BA,Total,70-74,10070,1279
BA,Total,75-79,10441,1285
BA,Total,80-84,11074,1250
BA,Total,85-89,9203,985
BA,Total,90,11239,841
CE,Female,0,627,8
CE,Female,1-4,97,6
CE,Female,5-9,52,3
CE,Female,10-14,83,5
CE,Female,15-19,176,7
CE,Female,20-24,285,20
CE,Female,25-29,278,19
CE,Female,30-34,407,53
CE,Female,35-39,515,74
CE,Female,40-44,636,96
CE,Female,45-49,826,127
CE,Female,50-54,1108,207
CE,Female,55-59,1464,276
CE,Female,60-64,1831,377
CE,Female,65-69,2372,470
CE,Female,70-74,3068,663
CE,Female,75-79,3239,686
CE,Female,80-84,4204,777
CE,Female,85-89,3567,567
CE,Female,90,4668,538
CE,Male,0,770,12
CE,Male,1-4,112,3
CE,Male,5-9,68,5
CE,Male,10-14,156,5
CE,Male,15-19,908,10
CE,Male,20-24,1482,26
CE,Male,25-29,1308,50
CE,Male,30-34,1266,85
CE,Male,35-39,1338,141
CE,Male,40-44,1601,203
CE,Male,45-49,1612,243
CE,Male,50-54,2076,331
CE,Male,55-59,2638,439
CE,Male,60-64,2738,564
CE,Male,65-69,3231,707
CE,Male,70-74,3737,857
CE,Male,75-79,3743,897
CE,Male,80-84,4116,926
CE,Male,85-89,3003,638
CE,Male,90,3289,494
CE,Total,0,1397,20
CE,Total,1-4,209,9
CE,Total,5-9,120,8
CE,Total,10-14,239,10
CE,Total,15-19,1084,17
CE,Total,20-24,1767,46
CE,Total,25-29,1586,69
CE,Total,30-34,1673,138
CE,Total,35-39,1853,215
CE,Total,40-44,2237,299
CE,Total,45-49,2438,370
CE,Total,50-54,3184,538
CE,Total,55-59,4102,715
CE,Total,60-64,4569,941
CE,Total,65-69,5603,1177
CE,Total,70-74,6805,1520
CE,Total,75-79,6982,1583
CE,Total,80-84,8320,1703
CE,Total,85-89,6570,1205
CE,Total,90,7957,1032
DF,Female,0,190,1
DF,Female,1-4,18,0
DF,Female,5-9,15,1
DF,Female,10-14,11,0
DF,Female,15-19,30,2
DF,Female,20-24,52,5
DF,Female,25-29,67,6
DF,Female,30-34,100,9
DF,Female,35-39,135,23
DF,Female,40-44,194,26
DF,Female,45-49,250,45
DF,Female,50-54,325,63
DF,Female,55-59,441,78
DF,Female,60-64,550,124
DF,Female,65-69,661,126
DF,Female,70-74,747,161
DF,Female,75-79,787,154
DF,Female,80-84,890,174
DF,Female,85-89,716,115
DF,Female,90,861,121
DF,Male,0,192,0
DF,Male,1-4,20,0
DF,Male,5-9,21,0
DF,Male,10-14,21,1
DF,Male,15-19,104,1
DF,Male,20-24,178,5
DF,Male,25-29,212,8
DF,Male,30-34,231,19
DF,Male,35-39,295,32
DF,Male,40-44,416,65
DF,Male,45-49,455,87
DF,Male,50-54,586,104
DF,Male,55-59,729,143
DF,Male,60-64,815,178
DF,Male,65-69,942,207
DF,Male,70-74,937,219
DF,Male,75-79,892,212
DF,Male,80-84,947,199
DF,Male,85-89,623,145
DF,Male,90,527,98
DF,Total,0,382,1
DF,Total,1-4,38,0
DF,Total,5-9,36,1
DF,Total,10-14,32,1
DF,Total,15-19,134,3
DF,Total,20-24,230,10
DF,Total,25-29,279,14
DF,Total,30-34,331,28
DF,Total,35-39,430,55
DF,Total,40-44,610,91
DF,Total,45-49,705,132
DF,Total,50-54,911,167
DF,Total,55-59,1170,221
DF,Total,60-64,1365,302
DF,Total,65-69,1603,333
DF,Total,70-74,1684,380
DF,Total,75-79,1679,366
DF,Total,80-84,1837,373
DF,Total,85-89,1339,260
DF,Total,90,1388,219
ES,Female,0,235,4
ES,Female,1-4,41,1
ES,Female,5-9,20,2
ES,Female,10-14,29,0
ES,Female,15-19,66,5
ES,Female,20-24,85,4
ES,Female,25-29,118,12
ES,Female,30-34,144,17
ES,Female,35-39,258,42
ES,Female,40-44,341,52
ES,Female,45-49,426,81
ES,Female,50-54,542,95
ES,Female,55-59,748,153
ES,Female,60-64,1006,194
ES,Female,65-69,1162,236
ES,Female,70-74,1240,226
ES,Female,75-79,1290,252
ES,Female,80-84,1539,264
ES,Female,85-89,1441,207
ES,Female,90,1631,212
ES,Male,0,281,2
ES,Male,1-4,46,3
ES,Male,5-9,31,0
ES,Male,10-14,51,2
ES,Male,15-19,314,4
ES,Male,20-24,462,9
ES,Male,25-29,366,11
ES,Male,30-34,399,25
ES,Male,35-39,468,41
ES,Male,40-44,591,61
ES,Male,45-49,727,107
ES,Male,50-54,1009,134
ES,Male,55-59,1242,211
ES,Male,60-64,1636,289
ES,Male,65-69,1789,365
ES,Male,70-74,1716,357
ES,Male,75-79,1639,340
ES,Male,80-84,1491,289
ES,Male,85-89,1269,232
ES,Male,90,1011,141
ES,Total,0,516,6
ES,Total,1-4,87,4
ES,Total,5-9,51,2
ES,Total,10-14,80,2
ES,Total,15-19,380,9
ES,Total,20-24,547,13
ES,Total,25-29,484,23
ES,Total,30-34,543,42
ES,Total,35-39,726,83
ES,Total,40-44,932,113
ES,Total,45-49,1153,188
ES,Total,50-54,1551,229
ES,Total,55-59,1990,364
ES,Total,60-64,2642,483
ES,Total,65-69,2951,601
ES,Total,70-74,2956,583
ES,Total,75-79,2929,592
ES,Total,80-84,3030,553
ES,Total,85-89,2710,439
ES,Total,90,2642,353
GO,Female,0,476,2
GO,Female,1-4,65,2
GO,Female,5-9,32,1
GO,Female,10-14,39,2
GO,Female,15-19,126,8
GO,Female,20-24,186,9
GO,Female,25-29,183,15
GO,Female,30-34,277,34
GO,Female,35-39,436,61
GO,Female,40-44,564,93
GO,Female,45-49,714,134
GO,Female,50-54,943,155
GO,Female,55-59,1247,211
GO,Female,60-64,1624,302
GO,Female,65-69,1933,398
GO,Female,70-74,2165,421
GO,Female,75-79,2270,397
GO,Female,80-84,2442,394
GO,Female,85-89,1998,306
GO,Female,90,1875,229
GO,Male,0,554,1
GO,Male,1-4,79,2
GO,Male,5-9,57,1
GO,Male,10-14,84,1
GO,Male,15-19,536,6
GO,Male,20-24,826,15
GO,Male,25-29,760,28
GO,Male,30-34,792,64
GO,Male,35-39,892,88
GO,Male,40-44,1144,140
GO,Male,45-49,1363,183
GO,Male,50-54,1660,244
GO,Male,55-59,2061,361
GO,Male,60-64,2555,561
GO,Male,65-69,2734,566
GO,Male,70-74,2893,620
GO,Male,75-79,2901,592
GO,Male,80-84,2711,491
GO,Male,85-89,1884,347
GO,Male,90,1523,206
GO,Total,0,1030,3
GO,Total,1-4,144,4
GO,Total,5-9,89,2
GO,Total,10-14,123,3
GO,Total,15-19,662,14
GO,Total,20-24,1012,24
GO,Total,25-29,943,43
GO,Total,30-34,1069,98
GO,Total,35-39,1328,149
GO,Total,40-44,1708,233
GO,Total,45-49,2077,317
GO,Total,50-54,2603,399
GO,Total,55-59,3308,572
GO,Total,60-64,4179,863
GO,Total,65-69,4667,964
GO,Total,70-74,5058,1041
GO,Total,75-79,5171,989
GO,Total,80-84,5153,885
GO,Total,85-89,3882,653
GO,Total,90,3398,435
MA,Female,0,658,5
MA,Female,1-4,120,5
MA,Female,5-9,52,1
MA,Female,10-14,65,2
MA,Female,15-19,163,11
MA,Female,20-24,211,10
MA,Female,25-29,217,10
MA,Female,30-34,304,12
MA,Female,35-39,418,31
MA,Female,40-44,529,39
MA,Female,45-49,617,46
MA,Female,50-54,787,85
MA,Female,55-59,1019,109
MA,Female,60-64,1253,166
MA,Female,65-69,1566,177
MA,Female,70-74,1742,242
MA,Female,75-79,1936,234
MA,Female,80-84,2080,241
MA,Female,85-89,1590,174
MA,Female,90,1964,135
MA,Male,0,796,5
MA,Male,1-4,138,3
MA,Male,5-9,84,3
MA,Male,10-14,142,3
MA,Male,15-19,593,6
MA,Male,20-24,845,9
MA,Male,25-29,807,18
MA,Male,30-34,915,26
MA,Male,35-39,1008,61
MA,Male,40-44,1051,65
MA,Male,45-49,1028,85
MA,Male,50-54,1298,106
MA,Male,55-59,1547,173
MA,Male,60-64,1897,232
MA,Male,65-69,2297,320
MA,Male,70-74,2550,360
MA,Male,75-79,2679,357
MA,Male,80-84,2464,299
MA,Male,85-89,1854,226
MA,Male,90,1656,164
MA,Total,0,1454,10
MA,Total,1-4,258,8
MA,Total,5-9,136,4
MA,Total,10-14,207,5
MA,Total,15-19,756,17
MA,Total,20-24,1056,19
MA,Total,25-29,1024,28
MA,Total,30-34,1219,38
MA,Total,35-39,1426,92
MA,Total,40-44,1580,104
MA,Total,45-49,1645,131
MA,Total,50-54,2085,191
MA,Total,55-59,2566,282
MA,Total,60-64,3150,398
MA,Total,65-69,3863,497
MA,Total,70-74,4292,602
MA,Total,75-79,4615,591
MA,Total,80-84,4544,540
MA,Total,85-89,3444,400
MA,Total,90,3620,299
MG,Female,0,1129,3
MG,Female,1-4,167,4
MG,Female,5-9,91,3
MG,Female,10-14,125,2
MG,Female,15-19,256,5
MG,Female,20-24,366,10
MG,Female,25-29,495,27
MG,Female,30-34,728,41
MG,Female,35-39,1167,78
MG,Female,40-44,1513,104
MG,Female,45-49,2041,149
MG,Female,50-54,2897,249
MG,Female,55-59,3727,344
MG,Female,60-64,4959,488
MG,Female,65-69,5851,610
MG,Female,70-74,6800,697
MG,Female,75-79,7601,759
MG,Female,80-84,9027,815
MG,Female,85-89,8415,685
MG,Female,90,9810,584
MG,Male,0,1429,4
MG,Male,1-4,212,3
MG,Male,5-9,110,3
MG,Male,10-14,183,2
MG,Male,15-19,948,8
MG,Male,20-24,1388,21
MG,Male,25-29,1466,30
MG,Male,30-34,1697,51
MG,Male,35-39,2270,124
MG,Male,40-44,2836,155
MG,Male,45-49,3560,211
MG,Male,50-54,4918,339
MG,Male,55-59,6436,558
MG,Male,60-64,7801,720
MG,Male,65-69,8818,967
MG,Male,70-74,8976,1003
MG,Male,75-79,8849,968
MG,Male,80-84,8836,975
MG,Male,85-89,6852,683
MG,Male,90,5839,461
MG,Total,0,2558,7
MG,Total,1-4,379,7
MG,Total,5-9,201,6
MG,Total,10-14,308,4
MG,Total,15-19,1204,13
MG,Total,20-24,1754,31
MG,Total,25-29,1961,57
MG,Total,30-34,2425,92
MG,Total,35-39,3437,202
MG,Total,40-44,4349,259
MG,Total,45-49,5601,360
MG,Total,50-54,7815,588
MG,Total,55-59,10163,902
MG,Total,60-64,12760,1208
MG,Total,65-69,14669,1577
MG,Total,70-74,15776,1700
MG,Total,75-79,16450,1727
MG,Total,80-84,17863,1790
MG,Total,85-89,15267,1368
MG,Total,90,15649,1045
MS,Female,0,184,0
MS,Female,1-4,33,0
MS,Female,5-9,18,1
MS,Female,10-14,27,0
MS,Female,15-19,55,1
MS,Female,20-24,63,1
MS,Female,25-29,79,4
MS,Female,30-34,109,15
MS,Female,35-39,178,18
MS,Female,40-44,245,25
MS,Female,45-49,259,33
MS,Female,50-54,353,53
MS,Female,55-59,508,72
MS,Female,60-64,609,98
MS,Female,65-69,738,111
MS,Female,70-74,856,145
MS,Female,75-79,884,106
MS,Female,80-84,979,115
MS,Female,85-89,776,90
MS,Female,90,894,81
MS,Male,0,263,0
MS,Male,1-4,46,0
MS,Male,5-9,32,1
MS,Male,10-14,42,0
MS,Male,15-19,112,0
MS,Male,20-24,237,0
MS,Male,25-29,253,7
MS,Male,30-34,301,10
MS,Male,35-39,328,13
MS,Male,40-44,403,35
MS,Male,45-49,519,52
MS,Male,50-54,656,78
MS,Male,55-59,835,115
MS,Male,60-64,1038,139
MS,Male,65-69,1143,162
MS,Male,70-74,1245,188
MS,Male,75-79,1108,131
MS,Male,80-84,1109,137
MS,Male,85-89,787,96
MS,Male,90,654,53
MS,Total,0,447,0
MS,Total,1-4,79,0
MS,Total,5-9,50,2
MS,Total,10-14,69,0
MS,Total,15-19,167,1
MS,Total,20-24,300,1
MS,Total,25-29,332,11
MS,Total,30-34,410,25
MS,Total,35-39,506,31
MS,Total,40-44,648,60
MS,Total,45-49,778,85
MS,Total,50-54,1009,131
MS,Total,55-59,1343,187
MS,Total,60-64,1647,237
MS,Total,65-69,1881,273
MS,Total,70-74,2101,333
MS,Total,75-79,1992,237
MS,Total,80-84,2088,252
MS,Total,85-89,1563,186
MS,Total,90,1548,134
MT,Female,0,288,2
MT,Female,1-4,58,3
MT,Female,5-9,25,0
MT,Female,10-14,44,0
MT,Female,15-19,68,5
MT,Female,20-24,100,13
MT,Female,25-29,122,12
MT,Female,30-34,148,15
MT,Female,35-39,228,35
MT,Female,40-44,305,61
MT,Female,45-49,350,78
MT,Female,50-54,499,115
MT,Female,55-59,602,151
MT,Female,60-64,702,183
MT,Female,65-69,896,215
MT,Female,70-74,943,224
MT,Female,75-79,966,213
MT,Female,80-84,974,160
MT,Female,85-89,811,131
MT,Female,90,718,74
MT,Male,0,393,7
MT,Male,1-4,71,3
MT,Male,5-9,45,2
MT,Male,10-14,59,0
MT,Male,15-19,263,8
MT,Male,20-24,442,6
MT,Male,25-29,410,15
MT,Male,30-34,435,46
MT,Male,35-39,535,71
MT,Male,40-44,625,121
MT,Male,45-49,742,148
MT,Male,50-54,963,208
MT,Male,55-59,1143,252
MT,Male,60-64,1290,300
MT,Male,65-69,1485,345
MT,Male,70-74,1464,286
MT,Male,75-79,1346,285
MT,Male,80-84,1266,255
MT,Male,85-89,826,139
MT,Male,90,636,99
MT,Total,0,681,9
MT,Total,1-4,129,6
MT,Total,5-9,70,2
MT,Total,10-14,103,0
MT,Total,15-19,331,13
MT,Total,20-24,542,19
MT,Total,25-29,532,27
MT,Total,30-34,583,61
MT,Total,35-39,763,106
MT,Total,40-44,930,182
MT,Total,45-49,1092,226
MT,Total,50-54,1462,323
MT,Total,55-59,1745,403
MT,Total,60-64,1992,483
MT,Total,65-69,2381,560
MT,Total,70-74,2407,510
MT,Total,75-79,2312,498
MT,Total,80-84,2240,415
MT,Total,85-89,1637,270
MT,Total,90,1354,173
PA,Female,0,849,14
PA,Female,1-4,158,10
PA,Female,5-9,74,5
PA,Female,10-14,116,6
PA,Female,15-19,220,8
PA,Female,20-24,252,19
PA,Female,25-29,319,18
PA,Female,30-34,378,47
PA,Female,35-39,535,56
PA,Female,40-44,629,73
PA,Female,45-49,685,88
PA,Female,50-54,986,146
PA,Female,55-59,1101,190
PA,Female,60-64,1536,297
PA,Female,65-69,1802,347
PA,Female,70-74,2001,345
PA,Female,75-79,2205,432
PA,Female,80-84,2313,364
PA,Female,85-89,1826,252
PA,Female,90,2073,183
PA,Male,0,1101,16
PA,Male,1-4,199,9
PA,Male,5-9,111,4
PA,Male,10-14,147,6
PA,Male,15-19,722,12
PA,Male,20-24,1136,20
PA,Male,25-29,1020,36
PA,Male,30-34,1070,65
PA,Male,35-39,1114,94
PA,Male,40-44,1205,137
PA,Male,45-49,1349,216
PA,Male,50-54,1653,269
PA,Male,55-59,2071,357
PA,Male,60-64,2538,480
PA,Male,65-69,3067,644
PA,Male,70-74,3213,673
PA,Male,75-79,3233,692
PA,Male,80-84,2810,541
PA,Male,85-89,1925,315
PA,Male,90,1573,237
PA,Total,0,1950,30
PA,Total,1-4,357,19
PA,Total,5-9,185,9
PA,Total,10-14,263,12
PA,Total,15-19,942,20
PA,Total,20-24,1388,39
PA,Total,25-29,1339,54
PA,Total,30-34,1448,112
PA,Total,35-39,1649,150
PA,Total,40-44,1834,210
PA,Total,45-49,2034,304
PA,Total,50-54,2639,415
PA,Total,55-59,3172,547
PA,Total,60-64,4074,777
PA,Total,65-69,4869,991
PA,Total,70-74,5214,1018
PA,Total,75-79,5438,1124
PA,Total,80-84,5123,905
PA,Total,85-89,3751,567
PA,Total,90,3646,420
PB,Female,0,304,4
PB,Female,1-4,41,2
PB,Female,5-9,20,3
PB,Female,10-14,31,0
PB,Female,15-19,75,2
PB,Female,20-24,93,3
PB,Female,25-29,104,7
PB,Female,30-34,154,8
PB,Female,35-39,228,28
PB,Female,40-44,321,46
PB,Female,45-49,400,43
PB,Female,50-54,565,60
PB,Female,55-59,707,86
PB,Female,60-64,869,109
PB,Female,65-69,1112,159
PB,Female,70-74,1449,170
PB,Female,75-79,1612,197
PB,Female,80-84,1947,221
PB,Female,85-89,1633,166
PB,Female,90,2153,151
PB,Male,0,399,6
PB,Male,1-4,38,4
PB,Male,5-9,23,1
PB,Male,10-14,54,1
PB,Male,15-19,247,1
PB,Male,20-24,412,11
PB,Male,25-29,382,13
PB,Male,30-34,496,35
PB,Male,35-39,554,52
PB,Male,40-44,659,67
PB,Male,45-49,804,89
PB,Male,50-54,988,114
PB,Male,55-59,1179,144
PB,Male,60-64,1234,155
PB,Male,65-69,1461,212
PB,Male,70-74,1692,242
PB,Male,75-79,1663,241
PB,Male,80-84,1791,234
PB,Male,85-89,1310,167
PB,Male,90,1485,117
PB,Total,0,703,10
PB,Total,1-4,79,6
PB,Total,5-9,43,4
PB,Total,10-14,85,1
PB,Total,15-19,322,3
PB,Total,20-24,505,14
PB,Total,25-29,486,20
PB,Total,30-34,650,43
PB,Total,35-39,782,80
PB,Total,40-44,980,113
PB,Total,45-49,1204,132
PB,Total,50-54,1553,174
PB,Total,55-59,1886,230
PB,Total,60-64,2103,264
PB,Total,65-69,2573,371
PB,Total,70-74,3141,412
PB,Total,75-79,3275,438
PB,Total,80-84,3738,455
PB,Total,85-89,2943,333
PB,Total,90,3638,268
PE,Female,0,640,7
PE,Female,1-4,105,7
PE,Female,5-9,54,3
PE,Female,10-14,104,7
PE,Female,15-19,188,11
PE,Female,20-24,240,21
PE,Female,25-29,298,31
PE,Female,30-34,391,42
PE,Female,35-39,553,64
PE,Female,40-44,883,93
PE,Female,45-49,1092,139
PE,Female,50-54,1580,242
PE,Female,55-59,2019,318
PE,Female,60-64,2521,470
PE,Female,65-69,3089,514
PE,Female,70-74,3713,608
PE,Female,75-79,4171,610
PE,Female,80-84,4598,642
PE,Female,85-89,3697,471
PE,Female,90,4404,438
PE,Male,0,830,17
PE,Male,1-4,126,2
PE,Male,5-9,87,2
PE,Male,10-14,100,2
PE,Male,15-19,782,10
PE,Male,20-24,1292,19
PE,Male,25-29,1202,31
PE,Male,30-34,1243,78
PE,Male,35-39,1397,112
PE,Male,40-44,1630,179
PE,Male,45-49,1889,214
PE,Male,50-54,2479,331
PE,Male,55-59,2947,421
PE,Male,60-64,3506,543
PE,Male,65-69,3995,665
PE,Male,70-74,4410,765
PE,Male,75-79,4272,719
PE,Male,80-84,3990,642
PE,Male,85-89,2735,431
PE,Male,90,2693,333
PE,Total,0,1470,24
PE,Total,1-4,231,9
PE,Total,5-9,141,5
PE,Total,10-14,204,9
PE,Total,15-19,970,21
PE,Total,20-24,1532,40
PE,Total,25-29,1500,62
PE,Total,30-34,1634,120
PE,Total,35-39,1950,176
PE,Total,40-44,2513,272
PE,Total,45-49,2981,353
PE,Total,50-54,4059,573
PE,Total,55-59,4966,739
PE,Total,60-64,6027,1013
PE,Total,65-69,7084,1179
PE,Total,70-74,8123,1373
PE,Total,75-79,8443,1329
PE,Total,80-84,8588,1284
PE,Total,85-89,6432,902
PE,Total,90,7097,771
PI,Female,0,259,0
PI,Female,1-4,48,1
PI,Female,5-9,24,0
PI,Female,10-14,39,2
PI,Female,15-19,63,2
PI,Female,20-24,98,4
PI,Female,25-29,89,8
PI,Female,30-34,140,13
PI,Female,35-39,184,16
PI,Female,40-44,237,26
PI,Female,45-49,317,44
PI,Female,50-54,379,53
PI,Female,55-59,464,58
PI,Female,60-64,654,86
PI,Female,65-69,793,133
PI,Female,70-74,978,152
PI,Female,75-79,1127,142
PI,Female,80-84,1413,154
PI,Female,85-89,1182,141
PI,Female,90,1434,109
PI,Male,0,352,1
PI,Male,1-4,48,2
PI,Male,5-9,43,1
PI,Male,10-14,51,1
PI,Male,15-19,201,4
PI,Male,20-24,396,5
PI,Male,25-29,350,14
PI,Male,30-34,410,20
PI,Male,35-39,469,24
PI,Male,40-44,517,47
PI,Male,45-49,588,54
PI,Male,50-54,713,87
PI,Male,55-59,853,106
PI,Male,60-64,1020,149
PI,Male,65-69,1213,171
PI,Male,70-74,1297,224
PI,Male,75-79,1335,216
PI,Male,80-84,1435,237
PI,Male,85-89,1078,164
PI,Male,90,1095,115
PI,Total,0,611,1
PI,Total,1-4,96,3
PI,Total,5-9,67,1
PI,Total,10-14,90,3
PI,Total,15-19,264,6
PI,Total,20-24,494,9
PI,Total,25-29,439,22
PI,Total,30-34,550,33
PI,Total,35-39,653,40
PI,Total,40-44,754,73
PI,Total,45-49,905,98
PI,Total,50-54,1092,140
PI,Total,55-59,1317,164
PI,Total,60-64,1674,235
PI,Total,65-69,2006,304
PI,Total,70-74,2275,376
PI,Total,75-79,2462,358
PI,Total,80-84,2848,391
PI,Total,85-89,2260,305
PI,Total,90,2529,224
PR,Female,0,603,0
PR,Female,1-4,92,2
PR,Female,5-9,53,0
PR,Female,10-14,82,4
PR,Female,15-19,150,8
PR,Female,20-24,247,12
PR,Female,25-29,308,17
PR,Female,30-34,359,30
PR,Female,35-39,573,39
PR,Female,40-44,725,73
PR,Female,45-49,1055,116
PR,Female,50-54,1421,157
PR,Female,55-59,2051,239
PR,Female,60-64,2732,342
PR,Female,65-69,3361,451
PR,Female,70-74,3802,471
PR,Female,75-79,4291,460
PR,Female,80-84,4611,410
PR,Female,85-89,4207,374
PR,Female,90,3909,250
PR,Male,0,743,0
PR,Male,1-4,115,0
PR,Male,5-9,74,3
PR,Male,10-14,106,0
PR,Male,15-19,535,5
PR,Male,20-24,1103,11
PR,Male,25-29,999,25
PR,Male,30-34,1060,46
PR,Male,35-39,1337,85
PR,Male,40-44,1526,124
PR,Male,45-49,2004,199
PR,Male,50-54,2731,269
PR,Male,55-59,3694,433
PR,Male,60-64,4400,552
PR,Male,65-69,5051,659
PR,Male,70-74,5117,690
PR,Male,75-79,5096,679
PR,Male,80-84,4792,558
PR,Male,85-89,3424,355
PR,Male,90,2580,226
PR,Total,0,1346,0
PR,Total,1-4,207,2
PR,Total,5-9,127,3
PR,Total,10-14,188,4
PR,Total,15-19,685,13
PR,Total,20-24,1350,23
PR,Total,25-29,1307,42
PR,Total,30-34,1419,76
PR,Total,35-39,1910,124
PR,Total,40-44,2251,197
PR,Total,45-49,3059,315
PR,Total,50-54,4152,426
PR,Total,55-59,5745,672
PR,Total,60-64,7132,894
PR,Total,65-69,8412,1110
PR,Total,70-74,8919,1161
PR,Total,75-79,9387,1139
PR,Total,80-84,9403,968
PR,Total,85-89,7631,729
PR,Total,90,6489,476
RJ,Female,0,1133,7
RJ,Female,1-4,166,3
RJ,Female,5-9,67,3
RJ,Female,10-14,104,6
RJ,Female,15-19,314,17
RJ,Female,20-24,495,41
RJ,Female,25-29,605,71
RJ,Female,30-34,832,119
RJ,Female,35-39,1283,215
RJ,Female,40-44,1835,317
RJ,Female,45-49,2429,448
RJ,Female,50-54,3341,561
RJ,Female,55-59,4840,954
RJ,Female,60-64,6681,1334
RJ,Female,65-69,8173,1691
RJ,Female,70-74,8910,1750
RJ,Female,75-79,8952,1699
RJ,Female,80-84,10112,1744
RJ,Female,85-89,9415,1466
RJ,Female,90,10763,1374
RJ,Male,0,1345,16
RJ,Male,1-4,178,4
RJ,Male,5-9,85,2
RJ,Male,10-14,151,4
RJ,Male,15-19,1245,14
RJ,Male,20-24,2111,52
RJ,Male,25-29,1795,83
RJ,Male,30-34,1839,158
RJ,Male,35-39,2230,304
RJ,Male,40-44,2799,477
RJ,Male,45-49,3538,673
RJ,Male,50-54,5058,951
RJ,Male,55-59,7153,1428
RJ,Male,60-64,9232,1799
RJ,Male,65-69,10830,2327
RJ,Male,70-74,10796,2463
RJ,Male,75-79,9668,2091
RJ,Male,80-84,8517,1726
RJ,Male,85-89,6325,1290
RJ,Male,90,4858,823
RJ,Total,0,2478,23
RJ,Total,1-4,344,7
RJ,Total,5-9,152,5
RJ,Total,10-14,255,10
RJ,Total,15-19,1559,31
RJ,Total,20-24,2606,93
RJ,Total,25-29,2400,154
RJ,Total,30-34,2671,277
RJ,Total,35-39,3513,519
RJ,Total,40-44,4634,794
RJ,Total,45-49,5967,1121
RJ,Total,50-54,8399,1512
RJ,Total,55-59,11993,2382
RJ,Total,60-64,15913,3133
RJ,Total,65-69,19003,4018
RJ,Total,70-74,19706,4213
RJ,Total,75-79,18620,3790
RJ,Total,80-84,18629,3470
RJ,Total,85-89,15740,2756
RJ,Total,90,15621,2197
RN,Female,0,237,1
RN,Female,1-4,31,3
RN,Female,5-9,23,1
RN,Female,10-14,20,0
RN,Female,15-19,53,5
RN,Female,20-24,75,8
RN,Female,25-29,85,7
RN,Female,30-34,133,17
RN,Female,35-39,187,31
RN,Female,40-44,244,35
RN,Female,45-49,303,29
RN,Female,50-54,434,66
RN,Female,55-59,600,89
RN,Female,60-64,690,94
RN,Female,65-69,839,135
RN,Female,70-74,1094,167
RN,Female,75-79,1150,175
RN,Female,80-84,1492,217
RN,Female,85-89,1216,134
RN,Female,90,1750,133
RN,Male,0,248,1
RN,Male,1-4,31,3
RN,Male,5-9,25,1
RN,Male,10-14,39,1
RN,Male,15-19,248,0
RN,Male,20-24,480,11
RN,Male,25-29,436,13
RN,Male,30-34,419,24
RN,Male,35-39,456,37
RN,Male,40-44,517,55
RN,Male,45-49,595,67
RN,Male,50-54,862,114
RN,Male,55-59,1023,154
RN,Male,60-64,1072,168
RN,Male,65-69,1090,169
RN,Male,70-74,1451,253
RN,Male,75-79,1288,205
RN,Male,80-84,1355,210
RN,Male,85-89,986,124
RN,Male,90,1160,120
RN,Total,0,485,2
RN,Total,1-4,62,6
RN,Total,5-9,48,2
RN,Total,10-14,59,1
RN,Total,15-19,301,5
RN,Total,20-24,555,19
RN,Total,25-29,521,20
RN,Total,30-34,552,41
RN,Total,35-39,643,68
RN,Total,40-44,761,90
RN,Total,45-49,898,96
RN,Total,50-54,1296,180
RN,Total,55-59,1623,243
RN,Total,60-64,1762,262
RN,Total,65-69,1929,304
RN,Total,70-74,2545,420
RN,Total,75-79,2438,380
RN,Total,80-84,2847,427
RN,Total,85-89,2202,258
RN,Total,90,2910,253
RO,Female,0,140,4
RO,Female,1-4,15,1
RO,Female,5-9,7,1
RO,Female,10-14,22,0
RO,Female,15-19,29,2
RO,Female,20-24,41,2
RO,Female,25-29,54,4
RO,Female,30-34,79,17
RO,Female,35-39,102,19
RO,Female,40-44,114,27
RO,Female,45-49,186,37
RO,Female,50-54,215,56
RO,Female,55-59,275,55
RO,Female,60-64,336,65
RO,Female,65-69,368,90
RO,Female,70-74,416,105
RO,Female,75-79,454,87
RO,Female,80-84,443,75
RO,Female,85-89,343,51
RO,Female,90,296,40
RO,Male,0,190,3
RO,Male,1-4,30,3
RO,Male,5-9,22,1
RO,Male,10-14,28,2
RO,Male,15-19,105,5
RO,Male,20-24,168,8
RO,Male,25-29,165,10
RO,Male,30-34,206,21
RO,Male,35-39,250,33
RO,Male,40-44,281,45
RO,Male,45-49,329,78
RO,Male,50-54,425,94
RO,Male,55-59,473,94
RO,Male,60-64,558,110
RO,Male,65-69,646,154
RO,Male,70-74,652,160
RO,Male,75-79,558,124
RO,Male,80-84,502,101
RO,Male,85-89,359,63
RO,Male,90,324,40
RO,Total,0,330,7
RO,Total,1-4,45,4
RO,Total,5-9,29,2
RO,Total,10-14,50,2
RO,Total,15-19,134,7
RO,Total,20-24,209,10
RO,Total,25-29,219,14
RO,Total,30-34,285,38
RO,Total,35-39,352,52
RO,Total,40-44,395,72
RO,Total,45-49,515,115
RO,Total,50-54,640,150
RO,Total,55-59,748,149
RO,Total,60-64,894,175
RO,Total,65-69,1014,244
RO,Total,70-74,1068,265
RO,Total,75-79,1012,211
RO,Total,80-84,945,176
RO,Total,85-89,702,114
RO,Total,90,620,80
RR,Female,0,118,7
RR,Female,1-4,14,2
RR,Female,5-9,15,3
RR,Female,10-14,15,1
RR,Female,15-19,28,3
RR,Female,20-24,22,0
RR,Female,25-29,24,1
RR,Female,30-34,45,2
RR,Female,35-39,43,7
RR,Female,40-44,50,10
RR,Female,45-49,56,10
RR,Female,50-54,64,18
RR,Female,55-59,93,25
RR,Female,60-64,112,38
RR,Female,65-69,119,33
RR,Female,70-74,108,33
RR,Female,75-79,124,28
RR,Female,80-84,121,34
RR,Female,85-89,81,18
RR,Female,90,93,15
RR,Male,0,125,3
RR,Male,1-4,22,1
RR,Male,5-9,11,0
RR,Male,10-14,20,1
RR,Male,15-19,61,4
RR,Male,20-24,85,2
RR,Male,25-29,88,4
RR,Male,30-34,79,14
RR,Male,35-39,82,16
RR,Male,40-44,112,14
RR,Male,45-49,135,33
RR,Male,50-54,125,35
RR,Male,55-59,156,48
RR,Male,60-64,181,63
RR,Male,65-69,186,53
RR,Male,70-74,184,65
RR,Male,75-79,186,54
RR,Male,80-84,141,48
RR,Male,85-89,98,38
RR,Male,90,82,21
RR,Total,0,243,10
RR,Total,1-4,36,3
RR,Total,5-9,26,3
RR,Total,10-14,35,2
RR,Total,15-19,89,7
RR,Total,20-24,107,2
RR,Total,25-29,112,5
RR,Total,30-34,124,16
RR,Total,35-39,125,23
RR,Total,40-44,162,24
RR,Total,45-49,191,43
RR,Total,50-54,189,53
RR,Total,55-59,249,73
RR,Total,60-64,293,101
RR,Total,65-69,305,86
RR,Total,70-74,292,98
RR,Total,75-79,310,82
RR,Total,80-84,262,82
RR,Total,85-89,179,56
RR,Total,90,175,36
RS,Female,0,529,0
RS,Female,1-4,73,3
RS,Female,5-9,38,0
RS,Female,10-14,55,1
RS,Female,15-19,128,2
RS,Female,20-24,203,8
RS,Female,25-29,299,17
RS,Female,30-34,396,23
RS,Female,35-39,580,57
RS,Female,40-44,784,69
RS,Female,45-49,1038,99
RS,Female,50-54,1489,139
RS,Female,55-59,2184,200
RS,Female,60-64,3175,369
RS,Female,65-69,3836,440
RS,Female,70-74,4608,522
RS,Female,75-79,5146,511
RS,Female,80-84,5923,523
RS,Female,85-89,5856,507
RS,Female,90,6214,399
RS,Male,0,595,4
RS,Male,1-4,83,0
RS,Male,5-9,48,1
RS,Male,10-14,68,1
RS,Male,15-19,443,6
RS,Male,20-24,871,10
RS,Male,25-29,815,22
RS,Male,30-34,851,38
RS,Male,35-39,1069,74
RS,Male,40-44,1369,90
RS,Male,45-49,1784,150
RS,Male,50-54,2618,234
RS,Male,55-59,3824,354
RS,Male,60-64,5126,512
RS,Male,65-69,5920,659
RS,Male,70-74,6138,790
RS,Male,75-79,6049,667
RS,Male,80-84,5404,588
RS,Male,85-89,3852,379
RS,Male,90,2764,238
RS,Total,0,1124,4
RS,Total,1-4,156,3
RS,Total,5-9,86,1
RS,Total,10-14,123,2
RS,Total,15-19,571,8
RS,Total,20-24,1074,18
RS,Total,25-29,1114,39
RS,Total,30-34,1247,61
RS,Total,35-39,1649,131
RS,Total,40-44,2153,159
RS,Total,45-49,2822,249
RS,Total,50-54,4107,373
RS,Total,55-59,6008,554
RS,Total,60-64,8301,881
RS,Total,65-69,9756,1099
RS,Total,70-74,10746,1312
RS,Total,75-79,11195,1178
RS,Total,80-84,11327,1111
RS,Total,85-89,9708,886
RS,Total,90,8978,637
SC,Female,0,381,2
SC,Female,1-4,50,3
SC,Female,5-9,20,0
SC,Female,10-14,42,1
SC,Female,15-19,73,4
SC,Female,20-24,147,9
SC,Female,25-29,168,13
SC,Female,30-34,223,10
SC,Female,35-39,339,19
SC,Female,40-44,417,34
SC,Female,45-49,588,48
SC,Female,50-54,838,94
SC,Female,55-59,1233,137
SC,Female,60-64,1514,200
SC,Female,65-69,1741,205
SC,Female,70-74,2075,270
SC,Female,75-79,2263,244
SC,Female,80-84,2537,278
SC,Female,85-89,2396,208
SC,Female,90,2328,182
SC,Male,0,519,0
SC,Male,1-4,67,1
SC,Male,5-9,33,1
SC,Male,10-14,56,1
SC,Male,15-19,255,2
SC,Male,20-24,452,5
SC,Male,25-29,459,9
SC,Male,30-34,516,23
SC,Male,35-39,600,35
SC,Male,40-44,730,65
SC,Male,45-49,1052,114
SC,Male,50-54,1583,135
SC,Male,55-59,2094,224
SC,Male,60-64,2564,320
SC,Male,65-69,2944,441
SC,Male,70-74,3048,433
SC,Male,75-79,2716,366
SC,Male,80-84,2651,331
SC,Male,85-89,1771,213
SC,Male,90,1273,112
SC,Total,0,900,2
SC,Total,1-4,117,4
SC,Total,5-9,53,1
SC,Total,10-14,98,2
SC,Total,15-19,328,6
SC,Total,20-24,599,14
SC,Total,25-29,627,22
SC,Total,30-34,739,33
SC,Total,35-39,939,54
SC,Total,40-44,1147,99
SC,Total,45-49,1640,162
SC,Total,50-54,2421,229
SC,Total,55-59,3327,361
SC,Total,60-64,4078,520
SC,Total,65-69,4685,646
SC,Total,70-74,5123,703
SC,Total,75-79,4979,610
SC,Total,80-84,5188,609
SC,Total,85-89,4167,421
SC,Total,90,3601,294
SE,Female,0,209,8
SE,Female,1-4,35,1
SE,Female,5-9,15,1
SE,Female,10-14,13,1
SE,Female,15-19,32,2
SE,Female,20-24,53,9
SE,Female,25-29,63,6
SE,Female,30-34,80,14
SE,Female,35-39,143,16
SE,Female,40-44,163,20
SE,Female,45-49,219,32
SE,Female,50-54,347,60
SE,Female,55-59,408,61
SE,Female,60-64,511,76
SE,Female,65-69,584,106
SE,Female,70-74,638,110
SE,Female,75-79,717,109
SE,Female,80-84,782,116
SE,Female,85-89,734,95
SE,Female,90,906,89
SE,Male,0,287,6
SE,Male,1-4,28,4
SE,Male,5-9,14,3
SE,Male,10-14,35,1
SE,Male,15-19,213,6
SE,Male,20-24,323,4
SE,Male,25-29,305,10
SE,Male,30-34,326,20
SE,Male,35-39,323,42
SE,Male,40-44,372,39
SE,Male,45-49,429,56
SE,Male,50-54,576,79
SE,Male,55-59,649,76
SE,Male,60-64,786,125
SE,Male,65-69,827,143
SE,Male,70-74,846,159
SE,Male,75-79,827,167
SE,Male,80-84,822,115
SE,Male,85-89,560,89
SE,Male,90,559,76
SE,Total,0,496,14
SE,Total,1-4,63,5
SE,Total,5-9,29,4
SE,Total,10-14,48,2
SE,Total,15-19,245,8
SE,Total,20-24,376,13
SE,Total,25-29,368,16
SE,Total,30-34,406,34
SE,Total,35-39,466,58
SE,Total,40-44,535,59
SE,Total,45-49,648,88
SE,Total,50-54,923,139
SE,Total,55-59,1057,137
SE,Total,60-64,1297,201
SE,Total,65-69,1411,249
SE,Total,70-74,1484,269
SE,Total,75-79,1544,276
SE,Total,80-84,1604,231
SE,Total,85-89,1294,184
SE,Total,90,1465,165
SP,Female,0,2459,12
SP,Female,1-4,310,9
SP,Female,5-9,144,4
SP,Female,10-14,237,9
SP,Female,15-19,584,28
SP,Female,20-24,968,56
SP,Female,25-29,1123,99
SP,Female,30-34,1597,174
SP,Female,35-39,2359,313
SP,Female,40-44,3464,465
SP,Female,45-49,4527,636
SP,Female,50-54,6157,867
SP,Female,55-59,8999,1323
SP,Female,60-64,12312,1909
SP,Female,65-69,14865,2379
SP,Female,70-74,16813,2528
SP,Female,75-79,18125,2619
SP,Female,80-84,20711,2622
SP,Female,85-89,19553,2132
SP,Female,90,22306,1997
SP,Male,0,2967,9
SP,Male,1-4,372,10
SP,Male,5-9,216,10
SP,Male,10-14,303,14
SP,Male,15-19,1594,18
SP,Male,20-24,2866,54
SP,Male,25-29,2917,119
SP,Male,30-34,3805,288
SP,Male,35-39,4949,496
SP,Male,40-44,6308,789
SP,Male,45-49,8228,1073
SP,Male,50-54,11441,1560
SP,Male,55-59,15234,2215
SP,Male,60-64,19461,3165
SP,Male,65-69,21861,3779
SP,Male,70-74,21735,3819
SP,Male,75-79,20587,3381
SP,Male,80-84,19325,3013
SP,Male,85-89,14706,2028
SP,Male,90,11317,1310
SP,Total,0,5426,21
SP,Total,1-4,682,19
SP,Total,5-9,360,14
SP,Total,10-14,540,23
SP,Total,15-19,2178,46
SP,Total,20-24,3834,110
SP,Total,25-29,4040,218
SP,Total,30-34,5402,462
SP,Total,35-39,7308,809
SP,Total,40-44,9772,1254
SP,Total,45-49,12755,1709
SP,Total,50-54,17598,2427
SP,Total,55-59,24233,3538
SP,Total,60-64,31773,5074
SP,Total,65-69,36726,6158
SP,Total,70-74,38548,6347
SP,Total,75-79,38712,6000
SP,Total,80-84,40036,5635
SP,Total,85-89,34259,4160
SP,Total,90,33623,3307
TO,Female,0,119,1
TO,Female,1-4,30,1
TO,Female,5-9,8,0
TO,Female,10-14,12,0
TO,Female,15-19,24,0
TO,Female,20-24,53,7
TO,Female,25-29,45,1
TO,Female,30-34,52,8
TO,Female,35-39,102,9
TO,Female,40-44,110,22
TO,Female,45-49,121,15
TO,Female,50-54,149,9
TO,Female,55-59,188,25
TO,Female,60-64,255,45
TO,Female,65-69,283,51
TO,Female,70-74,348,59
TO,Female,75-79,359,54
TO,Female,80-84,408,58
TO,Female,85-89,363,35
TO,Female,90,382,35
TO,Male,0,123,0
TO,Male,1-4,28,0
TO,Male,5-9,22,0
TO,Male,10-14,34,3
TO,Male,15-19,125,2
TO,Male,20-24,196,4
TO,Male,25-29,168,2
TO,Male,30-34,170,10
TO,Male,35-39,224,16
TO,Male,40-44,237,24
TO,Male,45-49,259,33
TO,Male,50-54,306,50
TO,Male,55-59,374,61
TO,Male,60-64,423,81
TO,Male,65-69,520,91
TO,Male,70-74,548,95
TO,Male,75-79,542,106
TO,Male,80-84,548,107
TO,Male,85-89,411,58
TO,Male,90,404,46
TO,Total,0,242,1
TO,Total,1-4,58,1
TO,Total,5-9,30,0
TO,Total,10-14,46,3
TO,Total,15-19,149,2
TO,Total,20-24,249,11
TO,Total,25-29,213,3
TO,Total,30-34,222,18
TO,Total,35-39,326,25
TO,Total,40-44,347,46
TO,Total,45-49,380,48
TO,Total,50-54,455,59
TO,Total,55-59,562,86
TO,Total,60-64,678,126
TO,Total,65-69,803,142
TO,Total,70-74,896,154
TO,Total,75-79,901,160
TO,Total,80-84,956,165
TO,Total,85-89,774,93
TO,Total,90,786,81