"Appendix 1a. Person-years by State, Sex, and Age Group for 2020",,,
State,Sex,Age Group,2020 Person-years
AC,Female,0,8186
AC,Female,1-4,32328
AC,Female,5-9,41465
AC,Female,10-14,43967
AC,Female,15-19,45532
AC,Female,20-24,43224
AC,Female,25-29,38397
AC,Female,30-34,35063
AC,Female,35-39,33842
AC,Female,40-44,29639
AC,Female,45-49,23647
AC,Female,50-54,19563
AC,Female,55-59,14999
AC,Female,60-64,11933
AC,Female,65-69,8990
AC,Female,70-74,6365
AC,Female,75-79,4622
AC,Female,80-84,2722
AC,Female,85-89,1409
AC,Female,90+,918
AC,Male,0,8575
AC,Male,1-4,33907
AC,Male,5-9,43374
AC,Male,10-14,45591
AC,Male,15-19,47010
AC,Male,20-24,44171
AC,Male,25-29,38008
AC,Male,30-34,34742
AC,Male,35-39,32814
AC,Male,40-44,28387
AC,Male,45-49,22957
AC,Male,50-54,18889
AC,Male,55-59,14570
AC,Male,60-64,11407
AC,Male,65-69,8596
AC,Male,70-74,6002
AC,Male,75-79,3842
AC,Male,80-84,2214
AC,Male,85-89,1161
AC,Male,90+,732
AC,Total,0,16761
AC,Total,1-4,66235
AC,Total,5-9,84839
AC,Total,10-14,89558
AC,Total,15-19,92542
AC,Total,20-24,87395
AC,Total,25-29,76405
AC,Total,30-34,69805
AC,Total,35-39,66657
AC,Total,40-44,58026
AC,Total,45-49,46603
AC,Total,50-54,38451
AC,Total,55-59,29570
AC,Total,60-64,23341
AC,Total,65-69,17586
AC,Total,70-74,12367
AC,Total,75-79,8464
AC,Total,80-84,4936
AC,Total,85-89,2569
AC,Total,90+,1650
AL,Female,0,24630
AL,Female,1-4,98383
AL,Female,5-9,127688
AL,Female,10-14,137526
AL,Female,15-19,151186
AL,Female,20-24,158239
AL,Female,25-29,143494
AL,Female,30-34,138400
AL,Female,35-39,135211
AL,Female,40-44,125118
AL,Female,45-49,108201
AL,Female,50-54,97875
AL,Female,55-59,80469
AL,Female,60-64,65730
AL,Female,65-69,53261
AL,Female,70-74,39129
AL,Female,75-79,27206
AL,Female,80-84,17439
AL,Female,85-89,9127
AL,Female,90+,5713
AL,Male,0,25829
AL,Male,1-4,103074
AL,Male,5-9,133505
AL,Male,10-14,143319
AL,Male,15-19,154267
AL,Male,20-24,156828
AL,Male,25-29,134000
AL,Male,30-34,120868
AL,Male,35-39,118123
AL,Male,40-44,108526
AL,Male,45-49,91979
AL,Male,50-54,82816
AL,Male,55-59,68074
AL,Male,60-64,53459
AL,Male,65-69,41575
AL,Male,70-74,30603
AL,Male,75-79,19614
AL,Male,80-84,11044
AL,Male,85-89,5058
AL,Male,90+,2943
AL,Total,0,50458
AL,Total,1-4,201457
AL,Total,5-9,261193
AL,Total,10-14,280845
AL,Total,15-19,305453
AL,Total,20-24,315067
AL,Total,25-29,277494
AL,Total,30-34,259268
AL,Total,35-39,253335
AL,Total,40-44,233644
AL,Total,45-49,200180
AL,Total,50-54,180691
AL,Total,55-59,148542
AL,Total,60-64,119189
AL,Total,65-69,94836
AL,Total,70-74,69732
AL,Total,75-79,46820
AL,Total,80-84,28484
AL,Total,85-89,14185
AL,Total,90+,8657
AM,Female,0,39587
AM,Female,1-4,157782
AM,Female,5-9,198815
AM,Female,10-14,195194
AM,Female,15-19,190404
AM,Female,20-24,200853
AM,Female,25-29,186265
AM,Female,30-34,171817
AM,Female,35-39,161851
AM,Female,40-44,141704
AM,Female,45-49,114431
AM,Female,50-54,91353
AM,Female,55-59,73631
AM,Female,60-64,57511
AM,Female,65-69,42253
AM,Female,70-74,28797
AM,Female,75-79,19256
AM,Female,80-84,11913
AM,Female,85-89,6322
AM,Female,90+,4126
AM,Male,0,41419
AM,Male,1-4,165091
AM,Male,5-9,207984
AM,Male,10-14,203877
AM,Male,15-19,197926
AM,Male,20-24,204214
AM,Male,25-29,183650
AM,Male,30-34,170575
AM,Male,35-39,159791
AM,Male,40-44,139427
AM,Male,45-49,113333
AM,Male,50-54,94147
AM,Male,55-59,74364
AM,Male,60-64,56068
AM,Male,65-69,39815
AM,Male,70-74,25885
AM,Male,75-79,16636
AM,Male,80-84,9233
AM,Male,85-89,4475
AM,Male,90+,2328
AM,Total,0,81006
AM,Total,1-4,322873
AM,Total,5-9,406799
AM,Total,10-14,399071
AM,Total,15-19,388330
AM,Total,20-24,405067
AM,Total,25-29,369916
AM,Total,30-34,342393
AM,Total,35-39,321642
AM,Total,40-44,281131
AM,Total,45-49,227765
AM,Total,50-54,185499
AM,Total,55-59,147995
AM,Total,60-64,113579
AM,Total,65-69,82068
AM,Total,70-74,54682
AM,Total,75-79,35892
AM,Total,80-84,21145
AM,Total,85-89,10797
AM,Total,90+,6455
AP,Female,0,7741
AP,Female,1-4,31404
AP,Female,5-9,39358
AP,Female,10-14,39755
AP,Female,15-19,41781
AP,Female,20-24,42275
AP,Female,25-29,40008
AP,Female,30-34,37323
AP,Female,35-39,34487
AP,Female,40-44,29183
AP,Female,45-49,23845
AP,Female,50-54,18322
AP,Female,55-59,13885
AP,Female,60-64,10674
AP,Female,65-69,7488
AP,Female,70-74,4691
AP,Female,75-79,3483
AP,Female,80-84,2133
AP,Female,85-89,1167
AP,Female,90+,878
AP,Male,0,8119
AP,Male,1-4,32924
AP,Male,5-9,41204
AP,Male,10-14,41289
AP,Male,15-19,42622
AP,Male,20-24,41926
AP,Male,25-29,39479
AP,Male,30-34,36707
AP,Male,35-39,32914
AP,Male,40-44,27919
AP,Male,45-49,23484
AP,Male,50-54,18826
AP,Male,55-59,14437
AP,Male,60-64,10988
AP,Male,65-69,7439
AP,Male,70-74,4569
AP,Male,75-79,3087
AP,Male,80-84,1723
AP,Male,85-89,854
AP,Male,90+,538
AP,Total,0,15860
AP,Total,1-4,64328
AP,Total,5-9,80562
AP,Total,10-14,81044
AP,Total,15-19,84403
AP,Total,20-24,84200
AP,Total,25-29,79487
AP,Total,30-34,74030
AP,Total,35-39,67401
AP,Total,40-44,57102
AP,Total,45-49,47329
AP,Total,50-54,37148
AP,Total,55-59,28322
AP,Total,60-64,21663
AP,Total,65-69,14928
AP,Total,70-74,9260
AP,Total,75-79,6570
AP,Total,80-84,3856
AP,Total,85-89,2020
AP,Total,90+,1416
BA,Female,0,99901
BA,Female,1-4,400942
BA,Female,5-9,504432
BA,Female,10-14,544124
BA,Female,15-19,592093
BA,Female,20-24,627131
BA,Female,25-29,612207
BA,Female,30-34,621451
BA,Female,35-39,648636
BA,Female,40-44,587517
BA,Female,45-49,493459
BA,Female,50-54,449300
BA,Female,55-59,384155
BA,Female,60-64,322942
BA,Female,65-69,254224
BA,Female,70-74,197355
BA,Female,75-79,142964
BA,Female,80-84,97448
BA,Female,85-89,54338
BA,Female,90+,38378
BA,Male,0,104772
BA,Male,1-4,420278
BA,Male,5-9,528028
BA,Male,10-14,568224
BA,Male,15-19,612339
BA,Male,20-24,637002
BA,Male,25-29,590504
BA,Male,30-34,576566
BA,Male,35-39,597252
BA,Male,40-44,542371
BA,Male,45-49,451881
BA,Male,50-54,409156
BA,Male,55-59,343684
BA,Male,60-64,279161
BA,Male,65-69,210577
BA,Male,70-74,158799
BA,Male,75-79,105706
BA,Male,80-84,64186
BA,Male,85-89,30996
BA,Male,90+,19256
BA,Total,0,204673
BA,Total,1-4,821220
BA,Total,5-9,1032460
BA,Total,10-14,1112348
BA,Total,15-19,1204432
BA,Total,20-24,1264133
BA,Total,25-29,1202711
BA,Total,30-34,1198017
BA,Total,35-39,1245888
BA,Total,40-44,1129888
BA,Total,45-49,945340
BA,Total,50-54,858456
BA,Total,55-59,727839
BA,Total,60-64,602102
BA,Total,65-69,464801
BA,Total,70-74,356154
BA,Total,75-79,248669
BA,Total,80-84,161634
BA,Total,85-89,85335
BA,Total,90+,57634
Brazil,Female,0,1436265
Brazil,Female,1-4,5757996
Brazil,Female,5-9,7156472
Brazil,Female,10-14,7246179
Brazil,Female,15-19,7754649
Brazil,Female,20-24,8522432
Brazil,Female,25-29,8501974
Brazil,Female,30-34,8673660
Brazil,Female,35-39,8675820
Brazil,Female,40-44,8020316
Brazil,Female,45-49,7070494
Brazil,Female,50-54,6572430
Brazil,Female,55-59,5944365
Brazil,Female,60-64,5024648
Brazil,Female,65-69,4003616
Brazil,Female,70-74,3001523
Brazil,Female,75-79,2065963
Brazil,Female,80-84,1408279
Brazil,Female,85-89,783502
Brazil,Female,90+,545064
Brazil,Male,0,1505350
Brazil,Male,1-4,6032059
Brazil,Male,5-9,7489242
Brazil,Male,10-14,7567707
Brazil,Male,15-19,8047665
Brazil,Male,20-24,8713348
Brazil,Male,25-29,8483610
Brazil,Male,30-34,8532728
Brazil,Male,35-39,8342757
Brazil,Male,40-44,7566386
Brazil,Male,45-49,6570555
Brazil,Male,50-54,6035786
Brazil,Male,55-59,5298488
Brazil,Male,60-64,4341666
Brazil,Male,65-69,3328336
Brazil,Male,70-74,2390742
Brazil,Male,75-79,1536002
Brazil,Male,80-84,947695
Brazil,Male,85-89,467856
Brazil,Male,90+,262452
Brazil,Total,0,2941615
Brazil,Total,1-4,11790055
Brazil,Total,5-9,14645714
Brazil,Total,10-14,14813886
Brazil,Total,15-19,15802314
Brazil,Total,20-24,17235778
Brazil,Total,25-29,16985583
Brazil,Total,30-34,17206387
Brazil,Total,35-39,17018577
Brazil,Total,40-44,15586702
Brazil,Total,45-49,13641049
Brazil,Total,50-54,12608216
Brazil,Total,55-59,11242853
Brazil,Total,60-64,9366314
Brazil,Total,65-69,7331952
Brazil,Total,70-74,5392265
Brazil,Total,75-79,3601965
Brazil,Total,80-84,2355974
Brazil,Total,85-89,1251358
Brazil,Total,90+,807515
CE,Female,0,64068
CE,Female,1-4,256687
CE,Female,5-9,314421
CE,Female,10-14,332013
CE,Female,15-19,355118
CE,Female,20-24,409169
CE,Female,25-29,407285
CE,Female,30-34,404572
CE,Female,35-39,372780
CE,Female,40-44,335019
CE,Female,45-49,294735
CE,Female,50-54,275141
CE,Female,55-59,240856
CE,Female,60-64,188670
CE,Female,65-69,153552
CE,Female,70-74,123143
CE,Female,75-79,85888
CE,Female,80-84,62432
CE,Female,85-89,32147
CE,Female,90+,21071
CE,Male,0,67149
CE,Male,1-4,268940
CE,Male,5-9,328904
CE,Male,10-14,346229
CE,Male,15-19,366596
CE,Male,20-24,415720
CE,Male,25-29,396154
CE,Male,30-34,379983
CE,Male,35-39,347358
CE,Male,40-44,306786
CE,Male,45-49,264248
CE,Male,50-54,242858
CE,Male,55-59,210230
CE,Male,60-64,154946
CE,Male,65-69,122057
CE,Male,70-74,97163
CE,Male,75-79,65031
CE,Male,80-84,42380
CE,Male,85-89,19569
CE,Male,90+,11736
CE,Total,0,131217
CE,Total,1-4,525628
CE,Total,5-9,643325
CE,Total,10-14,678242
CE,Total,15-19,721714
CE,Total,20-24,824889
CE,Total,25-29,803440
CE,Total,30-34,784555
CE,Total,35-39,720138
CE,Total,40-44,641805
CE,Total,45-49,558983
CE,Total,50-54,517999
CE,Total,55-59,451086
CE,Total,60-64,343616
CE,Total,65-69,275610
CE,Total,70-74,220307
CE,Total,75-79,150919
CE,Total,80-84,104812
CE,Total,85-89,51716
CE,Total,90+,32807
DF,Female,0,21103
DF,Female,1-4,79225
DF,Female,5-9,91844
DF,Female,10-14,101417
DF,Female,15-19,118031
DF,Female,20-24,126308
DF,Female,25-29,129513
DF,Female,30-34,136891
DF,Female,35-39,147300
DF,Female,40-44,137624
DF,Female,45-49,114002
DF,Female,50-54,98776
DF,Female,55-59,83007
DF,Female,60-64,64933
DF,Female,65-69,49764
DF,Female,70-74,35500
DF,Female,75-79,22847
DF,Female,80-84,14926
DF,Female,85-89,7413
DF,Female,90+,4232
DF,Male,0,22144
DF,Male,1-4,83446
DF,Male,5-9,96989
DF,Male,10-14,105854
DF,Male,15-19,121286
DF,Male,20-24,126477
DF,Male,25-29,124482
DF,Male,30-34,130091
DF,Male,35-39,132454
DF,Male,40-44,121109
DF,Male,45-49,100397
DF,Male,50-54,86732
DF,Male,55-59,68710
DF,Male,60-64,51128
DF,Male,65-69,37754
DF,Male,70-74,25462
DF,Male,75-79,15598
DF,Male,80-84,9646
DF,Male,85-89,4067
DF,Male,90+,1777
DF,Total,0,43247
DF,Total,1-4,162671
DF,Total,5-9,188834
DF,Total,10-14,207271
DF,Total,15-19,239318
DF,Total,20-24,252785
DF,Total,25-29,253995
DF,Total,30-34,266982
DF,Total,35-39,279754
DF,Total,40-44,258733
DF,Total,45-49,214399
DF,Total,50-54,185508
DF,Total,55-59,151717
DF,Total,60-64,116061
DF,Total,65-69,87519
DF,Total,70-74,60961
DF,Total,75-79,38445
DF,Total,80-84,24572
DF,Total,85-89,11479
DF,Total,90+,6009
ES,Female,0,28134
ES,Female,1-4,112369
ES,Female,5-9,138717
ES,Female,10-14,133895
ES,Female,15-19,143416
ES,Female,20-24,155824
ES,Female,25-29,157831
ES,Female,30-34,168343
ES,Female,35-39,167628
ES,Female,40-44,155415
ES,Female,45-49,134213
ES,Female,50-54,125723
ES,Female,55-59,115915
ES,Female,60-64,99956
ES,Female,65-69,78211
ES,Female,70-74,54472
ES,Female,75-79,38015
ES,Female,80-84,26561
ES,Female,85-89,15578
ES,Female,90+,11758
ES,Male,0,29465
ES,Male,1-4,117469
ES,Male,5-9,144806
ES,Male,10-14,139587
ES,Male,15-19,148267
ES,Male,20-24,158622
ES,Male,25-29,158625
ES,Male,30-34,169787
ES,Male,35-39,165837
ES,Male,40-44,149809
ES,Male,45-49,126292
ES,Male,50-54,117814
ES,Male,55-59,106281
ES,Male,60-64,89719
ES,Male,65-69,68616
ES,Male,70-74,44914
ES,Male,75-79,28657
ES,Male,80-84,18308
ES,Male,85-89,9924
ES,Male,90+,6225
ES,Total,0,57599
ES,Total,1-4,229838
ES,Total,5-9,283522
ES,Total,10-14,273482
ES,Total,15-19,291684
ES,Total,20-24,314447
ES,Total,25-29,316456
ES,Total,30-34,338130
ES,Total,35-39,333465
ES,Total,40-44,305224
ES,Total,45-49,260504
ES,Total,50-54,243537
ES,Total,55-59,222196
ES,Total,60-64,189675
ES,Total,65-69,146828
ES,Total,70-74,99386
ES,Total,75-79,66672
ES,Total,80-84,44869
ES,Total,85-89,25503
ES,Total,90+,17983
GO,Female,0,49457
GO,Female,1-4,202552
GO,Female,5-9,254252
GO,Female,10-14,242481
GO,Female,15-19,255704
GO,Female,20-24,284943
GO,Female,25-29,295279
GO,Female,30-34,301861
GO,Female,35-39,296827
GO,Female,40-44,279687
GO,Female,45-49,246486
GO,Female,50-54,221166
GO,Female,55-59,188013
GO,Female,60-64,151192
GO,Female,65-69,115974
GO,Female,70-74,82412
GO,Female,75-79,54888
GO,Female,80-84,35061
GO,Female,85-89,17611
GO,Female,90+,9607
GO,Male,0,51803
GO,Male,1-4,211504
GO,Male,5-9,264722
GO,Male,10-14,252548
GO,Male,15-19,264685
GO,Male,20-24,290600
GO,Male,25-29,297448
GO,Male,30-34,306513
GO,Male,35-39,294532
GO,Male,40-44,270509
GO,Male,45-49,234481
GO,Male,50-54,208461
GO,Male,55-59,173523
GO,Male,60-64,135866
GO,Male,65-69,101098
GO,Male,70-74,71500
GO,Male,75-79,46528
GO,Male,80-84,28076
GO,Male,85-89,13319
GO,Male,90+,7094
GO,Total,0,101260
GO,Total,1-4,414056
GO,Total,5-9,518973
GO,Total,10-14,495029
GO,Total,15-19,520389
GO,Total,20-24,575543
GO,Total,25-29,592727
GO,Total,30-34,608375
GO,Total,35-39,591359
GO,Total,40-44,550196
GO,Total,45-49,480967
GO,Total,50-54,429627
GO,Total,55-59,361536
GO,Total,60-64,287059
GO,Total,65-69,217072
GO,Total,70-74,153912
GO,Total,75-79,101416
GO,Total,80-84,63138
GO,Total,85-89,30930
GO,Total,90+,16701
MA,Female,0,57617
MA,Female,1-4,229540
MA,Female,5-9,287657
MA,Female,10-14,320737
MA,Female,15-19,326818
MA,Female,20-24,333995
MA,Female,25-29,306411
MA,Female,30-34,303278
MA,Female,35-39,286651
MA,Female,40-44,245215
MA,Female,45-49,196752
MA,Female,50-54,171966
MA,Female,55-59,145278
MA,Female,60-64,119279
MA,Female,65-69,96747
MA,Female,70-74,70889
MA,Female,75-79,50753
MA,Female,80-84,34446
MA,Female,85-89,18672
MA,Female,90+,13829
MA,Male,0,60314
MA,Male,1-4,239943
MA,Male,5-9,300479
MA,Male,10-14,335038
MA,Male,15-19,339033
MA,Male,20-24,339934
MA,Male,25-29,296730
MA,Male,30-34,283329
MA,Male,35-39,265285
MA,Male,40-44,227353
MA,Male,45-49,183263
MA,Male,50-54,158243
MA,Male,55-59,130561
MA,Male,60-64,104334
MA,Male,65-69,82257
MA,Male,70-74,60477
MA,Male,75-79,41523
MA,Male,80-84,25623
MA,Male,85-89,13093
MA,Male,90+,7880
MA,Total,0,117931
MA,Total,1-4,469483
MA,Total,5-9,588137
MA,Total,10-14,655775
MA,Total,15-19,665852
MA,Total,20-24,673929
MA,Total,25-29,603140
MA,Total,30-34,586607
MA,Total,35-39,551936
MA,Total,40-44,472568
MA,Total,45-49,380014
MA,Total,50-54,330209
MA,Total,55-59,275839
MA,Total,60-64,223613
MA,Total,65-69,179004
MA,Total,70-74,131366
MA,Total,75-79,92276
MA,Total,80-84,60070
MA,Total,85-89,31766
MA,Total,90+,21708
MG,Female,0,129611
MG,Female,1-4,518377
MG,Female,5-9,646138
MG,Female,10-14,656644
MG,Female,15-19,733049
MG,Female,20-24,833123
MG,Female,25-29,845790
MG,Female,30-34,852928
MG,Female,35-39,851250
MG,Female,40-44,805145
MG,Female,45-49,718542
MG,Female,50-54,690895
MG,Female,55-59,646293
MG,Female,60-64,556948
MG,Female,65-69,443377
MG,Female,70-74,329227
MG,Female,75-79,231462
MG,Female,80-84,159870
MG,Female,85-89,90385
MG,Female,90+,65148
MG,Male,0,135935
MG,Male,1-4,543522
MG,Male,5-9,676623
MG,Male,10-14,686924
MG,Male,15-19,765050
MG,Male,20-24,858619
MG,Male,25-29,857949
MG,Male,30-34,861412
MG,Male,35-39,841233
MG,Male,40-44,779108
MG,Male,45-49,678401
MG,Male,50-54,645641
MG,Male,55-59,590003
MG,Male,60-64,499949
MG,Male,65-69,385152
MG,Male,70-74,275909
MG,Male,75-79,182525
MG,Male,80-84,117037
MG,Male,85-89,61164
MG,Male,90+,35062
MG,Total,0,265545
MG,Total,1-4,1061899
MG,Total,5-9,1322761
MG,Total,10-14,1343569
MG,Total,15-19,1498098
MG,Total,20-24,1691742
MG,Total,25-29,1703739
MG,Total,30-34,1714339
MG,Total,35-39,1692483
MG,Total,40-44,1584253
MG,Total,45-49,1396943
MG,Total,50-54,1336536
MG,Total,55-59,1236296
MG,Total,60-64,1056897
MG,Total,65-69,828529
MG,Total,70-74,605136
MG,Total,75-79,413987
MG,Total,80-84,276907
MG,Total,85-89,151549
MG,Total,90+,100210
MS,Female,0,21390
MS,Female,1-4,85684
MS,Female,5-9,105435
MS,Female,10-14,99201
MS,Female,15-19,101316
MS,Female,20-24,110430
MS,Female,25-29,113850
MS,Female,30-34,111432
MS,Female,35-39,111815
MS,Female,40-44,102745
MS,Female,45-49,92221
MS,Female,50-54,84829
MS,Female,55-59,77116
MS,Female,60-64,62123
MS,Female,65-69,47917
MS,Female,70-74,34455
MS,Female,75-79,24026
MS,Female,80-84,15478
MS,Female,85-89,8202
MS,Female,90+,4944
MS,Male,0,22407
MS,Male,1-4,89709
MS,Male,5-9,110507
MS,Male,10-14,104145
MS,Male,15-19,106174
MS,Male,20-24,114034
MS,Male,25-29,115256
MS,Male,30-34,112616
MS,Male,35-39,108962
MS,Male,40-44,99281
MS,Male,45-49,88458
MS,Male,50-54,80263
MS,Male,55-59,70918
MS,Male,60-64,56284
MS,Male,65-69,42658
MS,Male,70-74,29484
MS,Male,75-79,19530
MS,Male,80-84,12417
MS,Male,85-89,6248
MS,Male,90+,3404
MS,Total,0,43797
MS,Total,1-4,175393
MS,Total,5-9,215942
MS,Total,10-14,203345
MS,Total,15-19,207490
MS,Total,20-24,224464
MS,Total,25-29,229106
MS,Total,30-34,224048
MS,Total,35-39,220777
MS,Total,40-44,202026
MS,Total,45-49,180680
MS,Total,50-54,165093
MS,Total,55-59,148034
MS,Total,60-64,118406
MS,Total,65-69,90574
MS,Total,70-74,63939
MS,Total,75-79,43556
MS,Total,80-84,27895
MS,Total,85-89,14449
MS,Total,90+,8348
MT,Female,0,27796
MT,Female,1-4,110630
MT,Female,5-9,131817
MT,Female,10-14,131146
MT,Female,15-19,131735
MT,Female,20-24,139866
MT,Female,25-29,144387
MT,Female,30-34,144708
MT,Female,35-39,141908
MT,Female,40-44,131955
MT,Female,45-49,115693
MT,Female,50-54,102474
MT,Female,55-59,86503
MT,Female,60-64,67755
MT,Female,65-69,49581
MT,Female,70-74,34122
MT,Female,75-79,22107
MT,Female,80-84,13505
MT,Female,85-89,6499
MT,Female,90+,3795
MT,Male,0,29101
MT,Male,1-4,115609
MT,Male,5-9,137290
MT,Male,10-14,136393
MT,Male,15-19,136952
MT,Male,20-24,146200
MT,Male,25-29,149008
MT,Male,30-34,150990
MT,Male,35-39,146730
MT,Male,40-44,133327
MT,Male,45-49,116152
MT,Male,50-54,104051
MT,Male,55-59,88666
MT,Male,60-64,69189
MT,Male,65-69,49815
MT,Male,70-74,33500
MT,Male,75-79,21201
MT,Male,80-84,12437
MT,Male,85-89,5855
MT,Male,90+,3099
MT,Total,0,56897
MT,Total,1-4,226239
MT,Total,5-9,269107
MT,Total,10-14,267539
MT,Total,15-19,268687
MT,Total,20-24,286066
MT,Total,25-29,293395
MT,Total,30-34,295698
MT,Total,35-39,288638
MT,Total,40-44,265281
MT,Total,45-49,231845
MT,Total,50-54,206525
MT,Total,55-59,175170
MT,Total,60-64,136944
MT,Total,65-69,99396
MT,Total,70-74,67621
MT,Total,75-79,43309
MT,Total,80-84,25942
MT,Total,85-89,12354
MT,Total,90+,6895
PA,Female,0,70385
PA,Female,1-4,280153
PA,Female,5-9,357327
PA,Female,10-14,385455
PA,Female,15-19,395599
PA,Female,20-24,404301
PA,Female,25-29,382971
PA,Female,30-34,368058
PA,Female,35-39,350118
PA,Female,40-44,302104
PA,Female,45-49,249086
PA,Female,50-54,206523
PA,Female,55-59,165439
PA,Female,60-64,134229
PA,Female,65-69,102218
PA,Female,70-74,71594
PA,Female,75-79,49972
PA,Female,80-84,30196
PA,Female,85-89,15884
PA,Female,90+,9741
PA,Male,0,73628
PA,Male,1-4,293142
PA,Male,5-9,373738
PA,Male,10-14,402717
PA,Male,15-19,412227
PA,Male,20-24,415627
PA,Male,25-29,382524
PA,Male,30-34,362264
PA,Male,35-39,340933
PA,Male,40-44,299268
PA,Male,45-49,248551
PA,Male,50-54,207564
PA,Male,55-59,164147
PA,Male,60-64,130817
PA,Male,65-69,97139
PA,Male,70-74,65780
PA,Male,75-79,42664
PA,Male,80-84,23780
PA,Male,85-89,11203
PA,Male,90+,5961
PA,Total,0,144013
PA,Total,1-4,573295
PA,Total,5-9,731065
PA,Total,10-14,788173
PA,Total,15-19,807826
PA,Total,20-24,819928
PA,Total,25-29,765495
PA,Total,30-34,730322
PA,Total,35-39,691051
PA,Total,40-44,601372
PA,Total,45-49,497637
PA,Total,50-54,414087
PA,Total,55-59,329585
PA,Total,60-64,265046
PA,Total,65-69,199357
PA,Total,70-74,137374
PA,Total,75-79,92637
PA,Total,80-84,53975
PA,Total,85-89,27087
PA,Total,90+,15702
PB,Female,0,27914
PB,Female,1-4,111481
PB,Female,5-9,132648
PB,Female,10-14,147903
PB,Female,15-19,161819
PB,Female,20-24,167693
PB,Female,25-29,166294
PB,Female,30-34,167960
PB,Female,35-39,164838
PB,Female,40-44,153056
PB,Female,45-49,134208
PB,Female,50-54,125032
PB,Female,55-59,108501
PB,Female,60-64,87080
PB,Female,65-69,72750
PB,Female,70-74,60580
PB,Female,75-79,43230
PB,Female,80-84,31201
PB,Female,85-89,15272
PB,Female,90+,9826
PB,Male,0,29303
PB,Male,1-4,117170
PB,Male,5-9,139665
PB,Male,10-14,155133
PB,Male,15-19,166442
PB,Male,20-24,168375
PB,Male,25-29,160696
PB,Male,30-34,156170
PB,Male,35-39,151746
PB,Male,40-44,139362
PB,Male,45-49,120592
PB,Male,50-54,109912
PB,Male,55-59,93841
PB,Male,60-64,71222
PB,Male,65-69,56555
PB,Male,70-74,45571
PB,Male,75-79,30590
PB,Male,80-84,20267
PB,Male,85-89,9411
PB,Male,90+,5835
PB,Total,0,57217
PB,Total,1-4,228650
PB,Total,5-9,272312
PB,Total,10-14,303037
PB,Total,15-19,328261
PB,Total,20-24,336068
PB,Total,25-29,326990
PB,Total,30-34,324130
PB,Total,35-39,316584
PB,Total,40-44,292418
PB,Total,45-49,254800
PB,Total,50-54,234944
PB,Total,55-59,202341
PB,Total,60-64,158302
PB,Total,65-69,129305
PB,Total,70-74,106151
PB,Total,75-79,73819
PB,Total,80-84,51469
PB,Total,85-89,24683
PB,Total,90+,15661
PE,Female,0,66939
PE,Female,1-4,267553
PE,Female,5-9,345432
PE,Female,10-14,358332
PE,Female,15-19,382783
PE,Female,20-24,407218
PE,Female,25-29,393994
PE,Female,30-34,403355
PE,Female,35-39,394291
PE,Female,40-44,368161
PE,Female,45-49,328671
PE,Female,50-54,298236
PE,Female,55-59,257000
PE,Female,60-64,210569
PE,Female,65-69,170209
PE,Female,70-74,134187
PE,Female,75-79,93728
PE,Female,80-84,64326
PE,Female,85-89,32566
PE,Female,90+,20552
PE,Male,0,70145
PE,Male,1-4,280350
PE,Male,5-9,361549
PE,Male,10-14,373373
PE,Male,15-19,394111
PE,Male,20-24,410735
PE,Male,25-29,379841
PE,Male,30-34,374740
PE,Male,35-39,359435
PE,Male,40-44,330332
PE,Male,45-49,287676
PE,Male,50-54,254362
PE,Male,55-59,213951
PE,Male,60-64,168507
PE,Male,65-69,127210
PE,Male,70-74,97383
PE,Male,75-79,62627
PE,Male,80-84,39082
PE,Male,85-89,17870
PE,Male,90+,10111
PE,Total,0,137084
PE,Total,1-4,547904
PE,Total,5-9,706981
PE,Total,10-14,731704
PE,Total,15-19,776894
PE,Total,20-24,817953
PE,Total,25-29,773835
PE,Total,30-34,778095
PE,Total,35-39,753726
PE,Total,40-44,698494
PE,Total,45-49,616347
PE,Total,50-54,552598
PE,Total,55-59,470951
PE,Total,60-64,379076
PE,Total,65-69,297419
PE,Total,70-74,231569
PE,Total,75-79,156356
PE,Total,80-84,103408
PE,Total,85-89,50436
PE,Total,90+,30663
PI,Female,0,23265
PI,Female,1-4,92729
PI,Female,5-9,115963
PI,Female,10-14,126232
PI,Female,15-19,141070
PI,Female,20-24,143618
PI,Female,25-29,134340
PI,Female,30-34,137979
PI,Female,35-39,132809
PI,Female,40-44,123285
PI,Female,45-49,103326
PI,Female,50-54,95018
PI,Female,55-59,84389
PI,Female,60-64,70474
PI,Female,65-69,57526
PI,Female,70-74,43104
PI,Female,75-79,29659
PI,Female,80-84,20542
PI,Female,85-89,10339
PI,Female,90+,5716
PI,Male,0,24390
PI,Male,1-4,97114
PI,Male,5-9,120980
PI,Male,10-14,131082
PI,Male,15-19,145346
PI,Male,20-24,146810
PI,Male,25-29,129258
PI,Male,30-34,126231
PI,Male,35-39,120836
PI,Male,40-44,111382
PI,Male,45-49,93534
PI,Male,50-54,84721
PI,Male,55-59,72775
PI,Male,60-64,58009
PI,Male,65-69,45518
PI,Male,70-74,34495
PI,Male,75-79,22771
PI,Male,80-84,13549
PI,Male,85-89,6129
PI,Male,90+,3088
PI,Total,0,47655
PI,Total,1-4,189843
PI,Total,5-9,236943
PI,Total,10-14,257314
PI,Total,15-19,286416
PI,Total,20-24,290428
PI,Total,25-29,263598
PI,Total,30-34,264210
PI,Total,35-39,253645
PI,Total,40-44,234668
PI,Total,45-49,196860
PI,Total,50-54,179740
PI,Total,55-59,157164
PI,Total,60-64,128483
PI,Total,65-69,103044
PI,Total,70-74,77599
PI,Total,75-79,52430
PI,Total,80-84,34091
PI,Total,85-89,16468
PI,Total,90+,8804
PR,Female,0,76939
PR,Female,1-4,308062
PR,Female,5-9,375514
PR,Female,10-14,367888
PR,Female,15-19,396635
PR,Female,20-24,448994
PR,Female,25-29,459450
PR,Female,30-34,448318
PR,Female,35-39,443699
PR,Female,40-44,425889
PR,Female,45-49,400316
PR,Female,50-54,388610
PR,Female,55-59,354269
PR,Female,60-64,296138
PR,Female,65-69,236982
PR,Female,70-74,175750
PR,Female,75-79,120962
PR,Female,80-84,78774
PR,Female,85-89,43514
PR,Female,90+,25602
PR,Male,0,80669
PR,Male,1-4,323164
PR,Male,5-9,393886
PR,Male,10-14,384849
PR,Male,15-19,412248
PR,Male,20-24,460771
PR,Male,25-29,461872
PR,Male,30-34,442434
PR,Male,35-39,428694
PR,Male,40-44,402997
PR,Male,45-49,374136
PR,Male,50-54,357080
PR,Male,55-59,316127
PR,Male,60-64,257549
PR,Male,65-69,201205
PR,Male,70-74,144727
PR,Male,75-79,94126
PR,Male,80-84,57666
PR,Male,85-89,28522
PR,Male,90+,15082
PR,Total,0,157608
PR,Total,1-4,631226
PR,Total,5-9,769400
PR,Total,10-14,752736
PR,Total,15-19,808882
PR,Total,20-24,909765
PR,Total,25-29,921322
PR,Total,30-34,890752
PR,Total,35-39,872393
PR,Total,40-44,828886
PR,Total,45-49,774452
PR,Total,50-54,745690
PR,Total,55-59,670395
PR,Total,60-64,553686
PR,Total,65-69,438187
PR,Total,70-74,320477
PR,Total,75-79,215088
PR,Total,80-84,136440
PR,Total,85-89,72037
PR,Total,90+,40684
RJ,Female,0,109475
RJ,Female,1-4,439122
RJ,Female,5-9,537343
RJ,Female,10-14,516058
RJ,Female,15-19,558719
RJ,Female,20-24,659674
RJ,Female,25-29,656266
RJ,Female,30-34,674911
RJ,Female,35-39,705927
RJ,Female,40-44,684501
RJ,Female,45-49,617376
RJ,Female,50-54,587252
RJ,Female,55-59,564503
RJ,Female,60-64,506241
RJ,Female,65-69,412749
RJ,Female,70-74,311533
RJ,Female,75-79,211251
RJ,Female,80-84,148075
RJ,Female,85-89,87224
RJ,Female,90+,66336
RJ,Male,0,114792
RJ,Male,1-4,460402
RJ,Male,5-9,562921
RJ,Male,10-14,539456
RJ,Male,15-19,580788
RJ,Male,20-24,671255
RJ,Male,25-29,651599
RJ,Male,30-34,653049
RJ,Male,35-39,658933
RJ,Male,40-44,623753
RJ,Male,45-49,549313
RJ,Male,50-54,517132
RJ,Male,55-59,476614
RJ,Male,60-64,409130
RJ,Male,65-69,313922
RJ,Male,70-74,223084
RJ,Male,75-79,139230
RJ,Male,80-84,86761
RJ,Male,85-89,43936
RJ,Male,90+,24409
RJ,Total,0,224267
RJ,Total,1-4,899523
RJ,Total,5-9,1100265
RJ,Total,10-14,1055514
RJ,Total,15-19,1139507
RJ,Total,20-24,1330929
RJ,Total,25-29,1307865
RJ,Total,30-34,1327960
RJ,Total,35-39,1364860
RJ,Total,40-44,1308254
RJ,Total,45-49,1166689
RJ,Total,50-54,1104384
RJ,Total,55-59,1041117
RJ,Total,60-64,915371
RJ,Total,65-69,726671
RJ,Total,70-74,534617
RJ,Total,75-79,350480
RJ,Total,80-84,234836
RJ,Total,85-89,131161
RJ,Total,90+,90745
RN,Female,0,23224
RN,Female,1-4,93050
RN,Female,5-9,119798
RN,Female,10-14,126644
RN,Female,15-19,134114
RN,Female,20-24,145972
RN,Female,25-29,148209
RN,Female,30-34,155124
RN,Female,35-39,146433
RN,Female,40-44,130288
RN,Female,45-49,115949
RN,Female,50-54,110958
RN,Female,55-59,97705
RN,Female,60-64,74368
RN,Female,65-69,57851
RN,Female,70-74,50020
RN,Female,75-79,34185
RN,Female,80-84,24381
RN,Female,85-89,12676
RN,Female,90+,9470
RN,Male,0,24300
RN,Male,1-4,97205
RN,Male,5-9,124879
RN,Male,10-14,131507
RN,Male,15-19,138239
RN,Male,20-24,150171
RN,Male,25-29,147999
RN,Male,30-34,153019
RN,Male,35-39,141743
RN,Male,40-44,122624
RN,Male,45-49,106270
RN,Male,50-54,100193
RN,Male,55-59,85922
RN,Male,60-64,62217
RN,Male,65-69,45277
RN,Male,70-74,37766
RN,Male,75-79,24340
RN,Male,80-84,15853
RN,Male,85-89,7172
RN,Male,90+,4926
RN,Total,0,47524
RN,Total,1-4,190255
RN,Total,5-9,244676
RN,Total,10-14,258151
RN,Total,15-19,272353
RN,Total,20-24,296143
RN,Total,25-29,296208
RN,Total,30-34,308143
RN,Total,35-39,288176
RN,Total,40-44,252912
RN,Total,45-49,222219
RN,Total,50-54,211151
RN,Total,55-59,183627
RN,Total,60-64,136585
RN,Total,65-69,103128
RN,Total,70-74,87785
RN,Total,75-79,58525
RN,Total,80-84,40234
RN,Total,85-89,19848
RN,Total,90+,14396
RO,Female,0,13723
RO,Female,1-4,54609
RO,Female,5-9,66347
RO,Female,10-14,67064
RO,Female,15-19,73553
RO,Female,20-24,77108
RO,Female,25-29,78105
RO,Female,30-34,76615
RO,Female,35-39,74641
RO,Female,40-44,67094
RO,Female,45-49,58528
RO,Female,50-54,50313
RO,Female,55-59,41383
RO,Female,60-64,31922
RO,Female,65-69,23068
RO,Female,70-74,14850
RO,Female,75-79,9450
RO,Female,80-84,5349
RO,Female,85-89,2560
RO,Female,90+,1432
RO,Male,0,14376
RO,Male,1-4,57200
RO,Male,5-9,69527
RO,Male,10-14,70311
RO,Male,15-19,76531
RO,Male,20-24,79508
RO,Male,25-29,78857
RO,Male,30-34,78398
RO,Male,35-39,74842
RO,Male,40-44,66459
RO,Male,45-49,56779
RO,Male,50-54,51944
RO,Male,55-59,43894
RO,Male,60-64,33173
RO,Male,65-69,22965
RO,Male,70-74,14955
RO,Male,75-79,9057
RO,Male,80-84,5228
RO,Male,85-89,2309
RO,Male,90+,1225
RO,Total,0,28098
RO,Total,1-4,111810
RO,Total,5-9,135874
RO,Total,10-14,137374
RO,Total,15-19,150083
RO,Total,20-24,156616
RO,Total,25-29,156962
RO,Total,30-34,155013
RO,Total,35-39,149483
RO,Total,40-44,133553
RO,Total,45-49,115307
RO,Total,50-54,102257
RO,Total,55-59,85276
RO,Total,60-64,65095
RO,Total,65-69,46033
RO,Total,70-74,29806
RO,Total,75-79,18507
RO,Total,80-84,10577
RO,Total,85-89,4869
RO,Total,90+,2656
RR,Female,0,6003
RR,Female,1-4,22968
RR,Female,5-9,27126
RR,Female,10-14,26274
RR,Female,15-19,26268
RR,Female,20-24,29159
RR,Female,25-29,29632
RR,Female,30-34,27754
RR,Female,35-39,25840
RR,Female,40-44,21272
RR,Female,45-49,16545
RR,Female,50-54,13073
RR,Female,55-59,10541
RR,Female,60-64,8051
RR,Female,65-69,5641
RR,Female,70-74,3652
RR,Female,75-79,2177
RR,Female,80-84,1269
RR,Female,85-89,615
RR,Female,90+,323
RR,Male,0,6302
RR,Male,1-4,24077
RR,Male,5-9,28336
RR,Male,10-14,27222
RR,Male,15-19,27178
RR,Male,20-24,31699
RR,Male,25-29,33291
RR,Male,30-34,31311
RR,Male,35-39,28088
RR,Male,40-44,22801
RR,Male,45-49,17812
RR,Male,50-54,14297
RR,Male,55-59,11354
RR,Male,60-64,8377
RR,Male,65-69,5920
RR,Male,70-74,3881
RR,Male,75-79,2104
RR,Male,80-84,1101
RR,Male,85-89,462
RR,Male,90+,213
RR,Total,0,12305
RR,Total,1-4,47046
RR,Total,5-9,55461
RR,Total,10-14,53496
RR,Total,15-19,53446
RR,Total,20-24,60857
RR,Total,25-29,62923
RR,Total,30-34,59065
RR,Total,35-39,53928
RR,Total,40-44,44073
RR,Total,45-49,34357
RR,Total,50-54,27370
RR,Total,55-59,21895
RR,Total,60-64,16428
RR,Total,65-69,11560
RR,Total,70-74,7533
RR,Total,75-79,4281
RR,Total,80-84,2370
RR,Total,85-89,1077
RR,Total,90+,536
RS,Female,0,68468
RS,Female,1-4,277227
RS,Female,5-9,339156
RS,Female,10-14,328705
RS,Female,15-19,374261
RS,Female,20-24,422406
RS,Female,25-29,429437
RS,Female,30-34,426127
RS,Female,35-39,441893
RS,Female,40-44,404573
RS,Female,45-49,374116
RS,Female,50-54,383505
RS,Female,55-59,387184
RS,Female,60-64,342896
RS,Female,65-69,283335
RS,Female,70-74,217239
RS,Female,75-79,151101
RS,Female,80-84,103852
RS,Female,85-89,61696
RS,Female,90+,44609
RS,Male,0,71808
RS,Male,1-4,290730
RS,Male,5-9,355566
RS,Male,10-14,344588
RS,Male,15-19,391761
RS,Male,20-24,435418
RS,Male,25-29,434216
RS,Male,30-34,426152
RS,Male,35-39,432645
RS,Male,40-44,386662
RS,Male,45-49,353118
RS,Male,50-54,351844
RS,Male,55-59,347996
RS,Male,60-64,300288
RS,Male,65-69,238128
RS,Male,70-74,171877
RS,Male,75-79,108633
RS,Male,80-84,65039
RS,Male,85-89,32217
RS,Male,90+,16859
RS,Total,0,140276
RS,Total,1-4,567957
RS,Total,5-9,694723
RS,Total,10-14,673293
RS,Total,15-19,766022
RS,Total,20-24,857824
RS,Total,25-29,863654
RS,Total,30-34,852279
RS,Total,35-39,874538
RS,Total,40-44,791234
RS,Total,45-49,727234
RS,Total,50-54,735350
RS,Total,55-59,735181
RS,Total,60-64,643184
RS,Total,65-69,521463
RS,Total,70-74,389116
RS,Total,75-79,259733
RS,Total,80-84,168890
RS,Total,85-89,93912
RS,Total,90+,61468
SC,Female,0,47403
SC,Female,1-4,190193
SC,Female,5-9,226940
SC,Female,10-14,218301
SC,Female,15-19,230780
SC,Female,20-24,273531
SC,Female,25-29,292599
SC,Female,30-34,301137
SC,Female,35-39,297121
SC,Female,40-44,266323
SC,Female,45-49,244739
SC,Female,50-54,238868
SC,Female,55-59,225634
SC,Female,60-64,184379
SC,Female,65-69,145721
SC,Female,70-74,105751
SC,Female,75-79,70336
SC,Female,80-84,47097
SC,Female,85-89,26219
SC,Female,90+,18703
SC,Male,0,49704
SC,Male,1-4,199169
SC,Male,5-9,237103
SC,Male,10-14,227657
SC,Male,15-19,240211
SC,Male,20-24,284182
SC,Male,25-29,302687
SC,Male,30-34,312820
SC,Male,35-39,303252
SC,Male,40-44,265848
SC,Male,45-49,239235
SC,Male,50-54,229849
SC,Male,55-59,210576
SC,Male,60-64,168521
SC,Male,65-69,128433
SC,Male,70-74,88133
SC,Male,75-79,53372
SC,Male,80-84,31411
SC,Male,85-89,14992
SC,Male,90+,8142
SC,Total,0,97107
SC,Total,1-4,389362
SC,Total,5-9,464043
SC,Total,10-14,445958
SC,Total,15-19,470991
SC,Total,20-24,557713
SC,Total,25-29,595285
SC,Total,30-34,613957
SC,Total,35-39,600372
SC,Total,40-44,532172
SC,Total,45-49,483974
SC,Total,50-54,468718
SC,Total,55-59,436210
SC,Total,60-64,352900
SC,Total,65-69,274155
SC,Total,70-74,193885
SC,Total,75-79,123707
SC,Total,80-84,78508
SC,Total,85-89,41211
SC,Total,90+,26846
SE,Female,0,16650
SE,Female,1-4,66211
SE,Female,5-9,83726
SE,Female,10-14,88046
SE,Female,15-19,92702
SE,Female,20-24,104288
SE,Female,25-29,101905
SE,Female,30-34,102641
SE,Female,35-39,98493
SE,Female,40-44,89188
SE,Female,45-49,77793
SE,Female,50-54,70157
SE,Female,55-59,58245
SE,Female,60-64,45541
SE,Female,65-69,36016
SE,Female,70-74,26731
SE,Female,75-79,18413
SE,Female,80-84,12104
SE,Female,85-89,6475
SE,Female,90+,3733
SE,Male,0,17446
SE,Male,1-4,69332
SE,Male,5-9,87466
SE,Male,10-14,91347
SE,Male,15-19,94495
SE,Male,20-24,104733
SE,Male,25-29,97526
SE,Male,30-34,95126
SE,Male,35-39,89337
SE,Male,40-44,79447
SE,Male,45-49,68240
SE,Male,50-54,61459
SE,Male,55-59,49756
SE,Male,60-64,37969
SE,Male,65-69,28640
SE,Male,70-74,20846
SE,Male,75-79,12875
SE,Male,80-84,7378
SE,Male,85-89,3409
SE,Male,90+,1673
SE,Total,0,34096
SE,Total,1-4,135543
SE,Total,5-9,171192
SE,Total,10-14,179393
SE,Total,15-19,187197
SE,Total,20-24,209022
SE,Total,25-29,199431
SE,Total,30-34,197767
SE,Total,35-39,187830
SE,Total,40-44,168634
SE,Total,45-49,146033
SE,Total,50-54,131616
SE,Total,55-59,108001
SE,Total,60-64,83509
SE,Total,65-69,64656
SE,Total,70-74,47577
SE,Total,75-79,31288
SE,Total,80-84,19481
SE,Total,85-89,9884
SE,Total,90+,5406
SP,Female,0,294186
SP,Female,1-4,1189932
SP,Female,5-9,1485700
SP,Female,10-14,1446506
SP,Female,15-19,1532730
SP,Female,20-24,1702186
SP,Female,25-29,1739541
SP,Female,30-34,1889658
SP,Female,35-39,1945874
SP,Female,40-44,1820515
SP,Female,45-49,1626881
SP,Female,50-54,1516331
SP,Female,55-59,1405876
SP,Female,60-64,1226227
SP,Female,65-69,977237
SP,Female,70-74,730678
SP,Female,75-79,493637
SP,Female,80-84,340308
SP,Female,85-89,196079
SP,Female,90+,142812
SP,Male,0,308374
SP,Male,1-4,1246526
SP,Male,5-9,1555044
SP,Male,10-14,1512034
SP,Male,15-19,1596287
SP,Male,20-24,1746589
SP,Male,25-29,1772871
SP,Male,30-34,1921537
SP,Male,35-39,1906730
SP,Male,40-44,1724822
SP,Male,45-49,1512218
SP,Male,50-54,1386295
SP,Male,55-59,1223513
SP,Male,60-64,1036556
SP,Male,65-69,799018
SP,Male,70-74,562788
SP,Male,75-79,353759
SP,Male,80-84,219590
SP,Male,85-89,111129
SP,Male,90+,61233
SP,Total,0,602560
SP,Total,1-4,2436458
SP,Total,5-9,3040744
SP,Total,10-14,2958541
SP,Total,15-19,3129017
SP,Total,20-24,3448774
SP,Total,25-29,3512412
SP,Total,30-34,3811195
SP,Total,35-39,3852603
SP,Total,40-44,3545337
SP,Total,45-49,3139099
SP,Total,50-54,2902626
SP,Total,55-59,2629389
SP,Total,60-64,2262783
SP,Total,65-69,1776255
SP,Total,70-74,1293466
SP,Total,75-79,847396
SP,Total,80-84,559899
SP,Total,85-89,307207
SP,Total,90+,204045
TO,Female,0,12471
TO,Female,1-4,48804
TO,Female,5-9,61429
TO,Female,10-14,64683
TO,Female,15-19,67442
TO,Female,20-24,70910
TO,Female,25-29,68519
TO,Female,30-34,65966
TO,Female,35-39,63666
TO,Female,40-44,58108
TO,Female,45-49,46745
TO,Female,50-54,41187
TO,Female,55-59,33590
TO,Female,60-64,26892
TO,Female,65-69,20978
TO,Female,70-74,15301
TO,Female,75-79,10347
TO,Female,80-84,6872
TO,Female,85-89,3512
TO,Female,90+,1814
TO,Male,0,13083
TO,Male,1-4,51066
TO,Male,5-9,64183
TO,Male,10-14,67424
TO,Male,15-19,69604
TO,Male,20-24,73134
TO,Male,25-29,69090
TO,Male,30-34,65309
TO,Male,35-39,62266
TO,Male,40-44,56723
TO,Male,45-49,47763
TO,Male,50-54,41249
TO,Male,55-59,34011
TO,Male,60-64,26836
TO,Male,65-69,21002
TO,Male,70-74,15194
TO,Male,75-79,10378
TO,Male,80-84,6667
TO,Male,85-89,3314
TO,Male,90+,1625
TO,Total,0,25553
TO,Total,1-4,99870
TO,Total,5-9,125612
TO,Total,10-14,132107
TO,Total,15-19,137047
TO,Total,20-24,144044
TO,Total,25-29,137609
TO,Total,30-34,131276
TO,Total,35-39,125932
TO,Total,40-44,114832
TO,Total,45-49,94508
TO,Total,50-54,82436
TO,Total,55-59,67601
TO,Total,60-64,53729
TO,Total,65-69,41980
TO,Total,70-74,30495
TO,Total,75-79,20725
TO,Total,80-84,13539
TO,Total,85-89,6826
TO,Total,90+,3439