"Appendix 1a. Projected Population for March 2021 by State, Sex, and Age Group",,,
* (projected by authors from IBGE mid-year population projections),,,
State,Sex,Age Group,Population
Brazil,Female,0," 1,429,663 "
Brazil,Female,01-04," 5,754,824 "
Brazil,Female,05-09," 7,170,982 "
Brazil,Female,10-14," 7,189,212 "
Brazil,Female,15-19," 7,660,722 "
Brazil,Female,20-24," 8,455,239 "
Brazil,Female,25-29," 8,502,384 "
Brazil,Female,30-34," 8,644,222 "
Brazil,Female,35-39," 8,703,669 "
Brazil,Female,40-44," 8,133,660 "
Brazil,Female,45-49," 7,171,299 "
Brazil,Female,50-54," 6,622,865 "
Brazil,Female,55-59," 6,027,017 "
Brazil,Female,60-64," 5,135,072 "
Brazil,Female,65-69," 4,112,007 "
Brazil,Female,70-74," 3,097,981 "
Brazil,Female,75-79," 2,132,843 "
Brazil,Female,80-84," 1,444,108 "
Brazil,Female,85-89," 812,231 "
Brazil,Female,90+," 568,965 "
Brazil,Male,0," 1,498,608 "
Brazil,Male,01-04," 6,029,179 "
Brazil,Male,05-09," 7,505,373 "
Brazil,Male,10-14," 7,510,534 "
Brazil,Male,15-19," 7,955,339 "
Brazil,Male,20-24," 8,660,843 "
Brazil,Male,25-29," 8,500,376 "
Brazil,Male,30-34," 8,514,648 "
Brazil,Male,35-39," 8,387,595 "
Brazil,Male,40-44," 7,682,879 "
Brazil,Male,45-49," 6,665,859 "
Brazil,Male,50-54," 6,083,974 "
Brazil,Male,55-59," 5,380,486 "
Brazil,Male,60-64," 4,439,982 "
Brazil,Male,65-69," 3,419,109 "
Brazil,Male,70-74," 2,465,734 "
Brazil,Male,75-79," 1,587,197 "
Brazil,Male,80-84," 973,267 "
Brazil,Male,85-89," 485,918 "
Brazil,Male,90+," 273,339 "
Brazil,Total,0," 2,928,271 "
Brazil,Total,01-04," 11,784,004 "
Brazil,Total,05-09," 14,676,355 "
Brazil,Total,10-14," 14,699,746 "
Brazil,Total,15-19," 15,616,061 "
Brazil,Total,20-24," 17,116,085 "
Brazil,Total,25-29," 17,002,763 "
Brazil,Total,30-34," 17,158,871 "
Brazil,Total,35-39," 17,091,269 "
Brazil,Total,40-44," 15,816,540 "
Brazil,Total,45-49," 13,837,158 "
Brazil,Total,50-54," 12,706,839 "
Brazil,Total,55-59," 11,407,504 "
Brazil,Total,60-64," 9,575,054 "
Brazil,Total,65-69," 7,531,116 "
Brazil,Total,70-74," 5,563,716 "
Brazil,Total,75-79," 3,720,040 "
Brazil,Total,80-84," 2,417,375 "
Brazil,Total,85-89," 1,298,150 "
Brazil,Total,90+," 842,304 "
AC,Female,0," 8,169 "
AC,Female,01-04," 32,413 "
AC,Female,05-09," 41,303 "
AC,Female,10-14," 43,301 "
AC,Female,15-19," 45,521 "
AC,Female,20-24," 43,765 "
AC,Female,25-29," 39,017 "
AC,Female,30-34," 35,333 "
AC,Female,35-39," 34,082 "
AC,Female,40-44," 30,353 "
AC,Female,45-49," 24,358 "
AC,Female,50-54," 20,094 "
AC,Female,55-59," 15,480 "
AC,Female,60-64," 12,242 "
AC,Female,65-69," 9,299 "
AC,Female,70-74," 6,585 "
AC,Female,75-79," 4,769 "
AC,Female,80-84," 2,853 "
AC,Female,85-89," 1,470 "
AC,Female,90+, 956 
AC,Male,0," 8,559 "
AC,Male,01-04," 33,996 "
AC,Male,05-09," 43,213 "
AC,Male,10-14," 44,932 "
AC,Male,15-19," 46,998 "
AC,Male,20-24," 44,838 "
AC,Male,25-29," 38,736 "
AC,Male,30-34," 34,997 "
AC,Male,35-39," 33,130 "
AC,Male,40-44," 29,032 "
AC,Male,45-49," 23,570 "
AC,Male,50-54," 19,369 "
AC,Male,55-59," 15,007 "
AC,Male,60-64," 11,700 "
AC,Male,65-69," 8,847 "
AC,Male,70-74," 6,198 "
AC,Male,75-79," 3,972 "
AC,Male,80-84," 2,284 "
AC,Male,85-89," 1,186 "
AC,Male,90+, 755 
AC,Total,0," 16,728 "
AC,Total,01-04," 66,409 "
AC,Total,05-09," 84,516 "
AC,Total,10-14," 88,232 "
AC,Total,15-19," 92,519 "
AC,Total,20-24," 88,603 "
AC,Total,25-29," 77,753 "
AC,Total,30-34," 70,330 "
AC,Total,35-39," 67,212 "
AC,Total,40-44," 59,385 "
AC,Total,45-49," 47,928 "
AC,Total,50-54," 39,463 "
AC,Total,55-59," 30,487 "
AC,Total,60-64," 23,942 "
AC,Total,65-69," 18,146 "
AC,Total,70-74," 12,783 "
AC,Total,75-79," 8,741 "
AC,Total,80-84," 5,137 "
AC,Total,85-89," 2,657 "
AC,Total,90+," 1,711 "
AL,Female,0," 24,489 "
AL,Female,01-04," 98,172 "
AL,Female,05-09," 126,233 "
AL,Female,10-14," 135,258 "
AL,Female,15-19," 148,604 "
AL,Female,20-24," 157,642 "
AL,Female,25-29," 144,590 "
AL,Female,30-34," 138,166 "
AL,Female,35-39," 135,658 "
AL,Female,40-44," 126,774 "
AL,Female,45-49," 109,950 "
AL,Female,50-54," 99,219 "
AL,Female,55-59," 82,492 "
AL,Female,60-64," 67,109 "
AL,Female,65-69," 54,465 "
AL,Female,70-74," 40,351 "
AL,Female,75-79," 28,005 "
AL,Female,80-84," 17,992 "
AL,Female,85-89," 9,503 "
AL,Female,90+," 5,935 "
AL,Male,0," 25,687 "
AL,Male,01-04," 102,869 "
AL,Male,05-09," 132,031 "
AL,Male,10-14," 141,139 "
AL,Male,15-19," 152,053 "
AL,Male,20-24," 156,371 "
AL,Male,25-29," 135,745 "
AL,Male,30-34," 120,863 "
AL,Male,35-39," 118,073 "
AL,Male,40-44," 109,869 "
AL,Male,45-49," 93,365 "
AL,Male,50-54," 83,672 "
AL,Male,55-59," 69,593 "
AL,Male,60-64," 54,687 "
AL,Male,65-69," 42,379 "
AL,Male,70-74," 31,308 "
AL,Male,75-79," 20,214 "
AL,Male,80-84," 11,391 "
AL,Male,85-89," 5,238 "
AL,Male,90+," 3,002 "
AL,Total,0," 50,176 "
AL,Total,01-04," 201,041 "
AL,Total,05-09," 258,264 "
AL,Total,10-14," 276,397 "
AL,Total,15-19," 300,657 "
AL,Total,20-24," 314,013 "
AL,Total,25-29," 280,336 "
AL,Total,30-34," 259,029 "
AL,Total,35-39," 253,731 "
AL,Total,40-44," 236,643 "
AL,Total,45-49," 203,316 "
AL,Total,50-54," 182,891 "
AL,Total,55-59," 152,085 "
AL,Total,60-64," 121,795 "
AL,Total,65-69," 96,844 "
AL,Total,70-74," 71,659 "
AL,Total,75-79," 48,219 "
AL,Total,80-84," 29,383 "
AL,Total,85-89," 14,741 "
AL,Total,90+," 8,937 "
AM,Female,0," 39,487 "
AM,Female,01-04," 157,908 "
AM,Female,05-09," 199,365 "
AM,Female,10-14," 195,057 "
AM,Female,15-19," 189,576 "
AM,Female,20-24," 201,277 "
AM,Female,25-29," 188,774 "
AM,Female,30-34," 173,414 "
AM,Female,35-39," 163,420 "
AM,Female,40-44," 144,900 "
AM,Female,45-49," 117,929 "
AM,Female,50-54," 93,971 "
AM,Female,55-59," 75,555 "
AM,Female,60-64," 59,291 "
AM,Female,65-69," 43,795 "
AM,Female,70-74," 29,942 "
AM,Female,75-79," 19,889 "
AM,Female,80-84," 12,322 "
AM,Female,85-89," 6,563 "
AM,Female,90+," 4,280 "
AM,Male,0," 41,320 "
AM,Male,01-04," 165,224 "
AM,Male,05-09," 208,555 "
AM,Male,10-14," 203,791 "
AM,Male,15-19," 197,107 "
AM,Male,20-24," 205,329 "
AM,Male,25-29," 186,450 "
AM,Male,30-34," 171,887 "
AM,Male,35-39," 161,394 "
AM,Male,40-44," 142,453 "
AM,Male,45-49," 116,327 "
AM,Male,50-54," 96,318 "
AM,Male,55-59," 76,465 "
AM,Male,60-64," 57,832 "
AM,Male,65-69," 41,258 "
AM,Male,70-74," 26,867 "
AM,Male,75-79," 17,129 "
AM,Male,80-84," 9,557 "
AM,Male,85-89," 4,614 "
AM,Male,90+," 2,415 "
AM,Total,0," 80,808 "
AM,Total,01-04," 323,132 "
AM,Total,05-09," 407,920 "
AM,Total,10-14," 398,848 "
AM,Total,15-19," 386,682 "
AM,Total,20-24," 406,606 "
AM,Total,25-29," 375,224 "
AM,Total,30-34," 345,301 "
AM,Total,35-39," 324,815 "
AM,Total,40-44," 287,353 "
AM,Total,45-49," 234,256 "
AM,Total,50-54," 190,289 "
AM,Total,55-59," 152,020 "
AM,Total,60-64," 117,123 "
AM,Total,65-69," 85,053 "
AM,Total,70-74," 56,809 "
AM,Total,75-79," 37,018 "
AM,Total,80-84," 21,878 "
AM,Total,85-89," 11,177 "
AM,Total,90+," 6,696 "
AP,Female,0," 7,729 "
AP,Female,01-04," 31,268 "
AP,Female,05-09," 39,493 "
AP,Female,10-14," 39,851 "
AP,Female,15-19," 41,375 "
AP,Female,20-24," 42,728 "
AP,Female,25-29," 40,566 "
AP,Female,30-34," 37,789 "
AP,Female,35-39," 35,067 "
AP,Female,40-44," 29,956 "
AP,Female,45-49," 24,590 "
AP,Female,50-54," 19,007 "
AP,Female,55-59," 14,386 "
AP,Female,60-64," 11,045 "
AP,Female,65-69," 7,851 "
AP,Female,70-74," 4,913 "
AP,Female,75-79," 3,566 "
AP,Female,80-84," 2,226 "
AP,Female,85-89," 1,220 "
AP,Female,90+, 914 
AP,Male,0," 8,107 "
AP,Male,01-04," 32,781 "
AP,Male,05-09," 41,351 "
AP,Male,10-14," 41,392 "
AP,Male,15-19," 42,236 "
AP,Male,20-24," 42,529 "
AP,Male,25-29," 40,005 "
AP,Male,30-34," 37,274 "
AP,Male,35-39," 33,545 "
AP,Male,40-44," 28,618 "
AP,Male,45-49," 24,085 "
AP,Male,50-54," 19,438 "
AP,Male,55-59," 14,944 "
AP,Male,60-64," 11,376 "
AP,Male,65-69," 7,819 "
AP,Male,70-74," 4,783 "
AP,Male,75-79," 3,177 "
AP,Male,80-84," 1,805 "
AP,Male,85-89, 892 
AP,Male,90+, 564 
AP,Total,0," 15,836 "
AP,Total,01-04," 64,048 "
AP,Total,05-09," 80,844 "
AP,Total,10-14," 81,243 "
AP,Total,15-19," 83,611 "
AP,Total,20-24," 85,258 "
AP,Total,25-29," 80,571 "
AP,Total,30-34," 75,064 "
AP,Total,35-39," 68,612 "
AP,Total,40-44," 58,574 "
AP,Total,45-49," 48,675 "
AP,Total,50-54," 38,445 "
AP,Total,55-59," 29,330 "
AP,Total,60-64," 22,421 "
AP,Total,65-69," 15,669 "
AP,Total,70-74," 9,696 "
AP,Total,75-79," 6,743 "
AP,Total,80-84," 4,031 "
AP,Total,85-89," 2,112 "
AP,Total,90+," 1,478 "
BA,Female,0," 99,149 "
BA,Female,01-04," 400,534 "
BA,Female,05-09," 501,287 "
BA,Female,10-14," 536,558 "
BA,Female,15-19," 583,284 "
BA,Female,20-24," 620,955 "
BA,Female,25-29," 610,966 "
BA,Female,30-34," 615,815 "
BA,Female,35-39," 648,035 "
BA,Female,40-44," 598,597 "
BA,Female,45-49," 503,059 "
BA,Female,50-54," 454,287 "
BA,Female,55-59," 391,629 "
BA,Female,60-64," 329,823 "
BA,Female,65-69," 260,935 "
BA,Female,70-74," 202,113 "
BA,Female,75-79," 146,673 "
BA,Female,80-84," 100,004 "
BA,Female,85-89," 56,289 "
BA,Female,90+," 39,622 "
BA,Male,0," 104,002 "
BA,Male,01-04," 419,901 "
BA,Male,05-09," 524,856 "
BA,Male,10-14," 560,699 "
BA,Male,15-19," 604,102 "
BA,Male,20-24," 631,194 "
BA,Male,25-29," 591,652 "
BA,Male,30-34," 571,312 "
BA,Male,35-39," 595,348 "
BA,Male,40-44," 551,539 "
BA,Male,45-49," 460,042 "
BA,Male,50-54," 412,986 "
BA,Male,55-59," 350,119 "
BA,Male,60-64," 285,293 "
BA,Male,65-69," 215,808 "
BA,Male,70-74," 161,989 "
BA,Male,75-79," 108,468 "
BA,Male,80-84," 65,758 "
BA,Male,85-89," 31,968 "
BA,Male,90+," 19,585 "
BA,Total,0," 203,151 "
BA,Total,01-04," 820,434 "
BA,Total,05-09," 1,026,142 "
BA,Total,10-14," 1,097,257 "
BA,Total,15-19," 1,187,386 "
BA,Total,20-24," 1,252,149 "
BA,Total,25-29," 1,202,619 "
BA,Total,30-34," 1,187,128 "
BA,Total,35-39," 1,243,383 "
BA,Total,40-44," 1,150,136 "
BA,Total,45-49," 963,102 "
BA,Total,50-54," 867,273 "
BA,Total,55-59," 741,748 "
BA,Total,60-64," 615,116 "
BA,Total,65-69," 476,743 "
BA,Total,70-74," 364,102 "
BA,Total,75-79," 255,140 "
BA,Total,80-84," 165,761 "
BA,Total,85-89," 88,258 "
BA,Total,90+," 59,208 "
CE,Female,0," 63,732 "
CE,Female,01-04," 256,402 "
CE,Female,05-09," 314,791 "
CE,Female,10-14," 328,005 "
CE,Female,15-19," 349,847 "
CE,Female,20-24," 402,361 "
CE,Female,25-29," 407,053 "
CE,Female,30-34," 405,534 "
CE,Female,35-39," 377,632 "
CE,Female,40-44," 340,275 "
CE,Female,45-49," 298,559 "
CE,Female,50-54," 277,357 "
CE,Female,55-59," 245,962 "
CE,Female,60-64," 194,176 "
CE,Female,65-69," 156,378 "
CE,Female,70-74," 125,921 "
CE,Female,75-79," 88,153 "
CE,Female,80-84," 63,535 "
CE,Female,85-89," 33,497 "
CE,Female,90+," 21,572 "
CE,Male,0," 66,805 "
CE,Male,01-04," 268,666 "
CE,Male,05-09," 329,359 "
CE,Male,10-14," 342,249 "
CE,Male,15-19," 361,578 "
CE,Male,20-24," 409,222 "
CE,Male,25-29," 397,583 "
CE,Male,30-34," 381,225 "
CE,Male,35-39," 351,653 "
CE,Male,40-44," 311,783 "
CE,Male,45-49," 267,860 "
CE,Male,50-54," 244,480 "
CE,Male,55-59," 214,847 "
CE,Male,60-64," 160,219 "
CE,Male,65-69," 123,998 "
CE,Male,70-74," 98,813 "
CE,Male,75-79," 66,732 "
CE,Male,80-84," 43,176 "
CE,Male,85-89," 20,314 "
CE,Male,90+," 11,849 "
CE,Total,0," 130,537 "
CE,Total,01-04," 525,068 "
CE,Total,05-09," 644,150 "
CE,Total,10-14," 670,253 "
CE,Total,15-19," 711,425 "
CE,Total,20-24," 811,582 "
CE,Total,25-29," 804,636 "
CE,Total,30-34," 786,759 "
CE,Total,35-39," 729,285 "
CE,Total,40-44," 652,058 "
CE,Total,45-49," 566,419 "
CE,Total,50-54," 521,837 "
CE,Total,55-59," 460,809 "
CE,Total,60-64," 354,396 "
CE,Total,65-69," 280,376 "
CE,Total,70-74," 224,734 "
CE,Total,75-79," 154,886 "
CE,Total,80-84," 106,712 "
CE,Total,85-89," 53,811 "
CE,Total,90+," 33,421 "
DF,Female,0," 21,060 "
DF,Female,01-04," 79,366 "
DF,Female,05-09," 92,599 "
DF,Female,10-14," 99,066 "
DF,Female,15-19," 117,396 "
DF,Female,20-24," 126,862 "
DF,Female,25-29," 129,734 "
DF,Female,30-34," 135,732 "
DF,Female,35-39," 146,774 "
DF,Female,40-44," 140,096 "
DF,Female,45-49," 116,996 "
DF,Female,50-54," 100,601 "
DF,Female,55-59," 85,181 "
DF,Female,60-64," 67,104 "
DF,Female,65-69," 51,501 "
DF,Female,70-74," 37,090 "
DF,Female,75-79," 23,925 "
DF,Female,80-84," 15,537 "
DF,Female,85-89," 7,868 "
DF,Female,90+," 4,470 "
DF,Male,0," 22,099 "
DF,Male,01-04," 83,593 "
DF,Male,05-09," 97,775 "
DF,Male,10-14," 103,531 "
DF,Male,15-19," 120,651 "
DF,Male,20-24," 127,618 "
DF,Male,25-29," 125,101 "
DF,Male,30-34," 129,487 "
DF,Male,35-39," 132,831 "
DF,Male,40-44," 123,417 "
DF,Male,45-49," 102,856 "
DF,Male,50-54," 88,443 "
DF,Male,55-59," 70,926 "
DF,Male,60-64," 52,950 "
DF,Male,65-69," 39,074 "
DF,Male,70-74," 26,608 "
DF,Male,75-79," 16,253 "
DF,Male,80-84," 9,987 "
DF,Male,85-89," 4,351 "
DF,Male,90+," 1,879 "
DF,Total,0," 43,159 "
DF,Total,01-04," 162,959 "
DF,Total,05-09," 190,373 "
DF,Total,10-14," 202,597 "
DF,Total,15-19," 238,047 "
DF,Total,20-24," 254,481 "
DF,Total,25-29," 254,835 "
DF,Total,30-34," 265,219 "
DF,Total,35-39," 279,605 "
DF,Total,40-44," 263,513 "
DF,Total,45-49," 219,852 "
DF,Total,50-54," 189,044 "
DF,Total,55-59," 156,107 "
DF,Total,60-64," 120,054 "
DF,Total,65-69," 90,575 "
DF,Total,70-74," 63,698 "
DF,Total,75-79," 40,178 "
DF,Total,80-84," 25,524 "
DF,Total,85-89," 12,220 "
DF,Total,90+," 6,349 "
ES,Female,0," 28,038 "
ES,Female,01-04," 112,728 "
ES,Female,05-09," 139,534 "
ES,Female,10-14," 134,070 "
ES,Female,15-19," 141,726 "
ES,Female,20-24," 155,199 "
ES,Female,25-29," 157,582 "
ES,Female,30-34," 167,445 "
ES,Female,35-39," 168,579 "
ES,Female,40-44," 157,916 "
ES,Female,45-49," 136,598 "
ES,Female,50-54," 126,609 "
ES,Female,55-59," 117,345 "
ES,Female,60-64," 102,181 "
ES,Female,65-69," 81,004 "
ES,Female,70-74," 56,884 "
ES,Female,75-79," 39,261 "
ES,Female,80-84," 27,265 "
ES,Female,85-89," 16,179 "
ES,Female,90+," 12,383 "
ES,Male,0," 29,366 "
ES,Male,01-04," 117,853 "
ES,Male,05-09," 145,675 "
ES,Male,10-14," 139,745 "
ES,Male,15-19," 146,590 "
ES,Male,20-24," 158,420 "
ES,Male,25-29," 158,409 "
ES,Male,30-34," 169,020 "
ES,Male,35-39," 167,222 "
ES,Male,40-44," 152,677 "
ES,Male,45-49," 128,685 "
ES,Male,50-54," 118,557 "
ES,Male,55-59," 107,707 "
ES,Male,60-64," 91,654 "
ES,Male,65-69," 71,039 "
ES,Male,70-74," 47,070 "
ES,Male,75-79," 29,680 "
ES,Male,80-84," 18,786 "
ES,Male,85-89," 10,263 "
ES,Male,90+," 6,543 "
ES,Total,0," 57,404 "
ES,Total,01-04," 230,581 "
ES,Total,05-09," 285,209 "
ES,Total,10-14," 273,815 "
ES,Total,15-19," 288,315 "
ES,Total,20-24," 313,619 "
ES,Total,25-29," 315,991 "
ES,Total,30-34," 336,465 "
ES,Total,35-39," 335,801 "
ES,Total,40-44," 310,592 "
ES,Total,45-49," 265,283 "
ES,Total,50-54," 245,166 "
ES,Total,55-59," 225,053 "
ES,Total,60-64," 193,834 "
ES,Total,65-69," 152,043 "
ES,Total,70-74," 103,953 "
ES,Total,75-79," 68,941 "
ES,Total,80-84," 46,051 "
ES,Total,85-89," 26,442 "
ES,Total,90+," 18,926 "
GO,Female,0," 49,359 "
GO,Female,01-04," 202,998 "
GO,Female,05-09," 256,345 "
GO,Female,10-14," 243,550 "
GO,Female,15-19," 254,897 "
GO,Female,20-24," 282,477 "
GO,Female,25-29," 295,797 "
GO,Female,30-34," 302,541 "
GO,Female,35-39," 298,625 "
GO,Female,40-44," 283,290 "
GO,Female,45-49," 250,849 "
GO,Female,50-54," 224,653 "
GO,Female,55-59," 192,416 "
GO,Female,60-64," 155,560 "
GO,Female,65-69," 119,710 "
GO,Female,70-74," 85,515 "
GO,Female,75-79," 56,750 "
GO,Female,80-84," 36,162 "
GO,Female,85-89," 18,471 "
GO,Female,90+," 10,085 "
GO,Male,0," 51,704 "
GO,Male,01-04," 211,983 "
GO,Male,05-09," 266,936 "
GO,Male,10-14," 253,505 "
GO,Male,15-19," 263,922 "
GO,Male,20-24," 288,717 "
GO,Male,25-29," 297,978 "
GO,Male,30-34," 307,351 "
GO,Male,35-39," 297,289 "
GO,Male,40-44," 274,655 "
GO,Male,45-49," 238,705 "
GO,Male,50-54," 211,689 "
GO,Male,55-59," 177,670 "
GO,Male,60-64," 139,754 "
GO,Male,65-69," 104,157 "
GO,Male,70-74," 73,711 "
GO,Male,75-79," 47,923 "
GO,Male,80-84," 28,885 "
GO,Male,85-89," 13,895 "
GO,Male,90+," 7,401 "
GO,Total,0," 101,064 "
GO,Total,01-04," 414,981 "
GO,Total,05-09," 523,281 "
GO,Total,10-14," 497,055 "
GO,Total,15-19," 518,819 "
GO,Total,20-24," 571,194 "
GO,Total,25-29," 593,775 "
GO,Total,30-34," 609,892 "
GO,Total,35-39," 595,914 "
GO,Total,40-44," 557,945 "
GO,Total,45-49," 489,553 "
GO,Total,50-54," 436,342 "
GO,Total,55-59," 370,086 "
GO,Total,60-64," 295,314 "
GO,Total,65-69," 223,868 "
GO,Total,70-74," 159,227 "
GO,Total,75-79," 104,673 "
GO,Total,80-84," 65,047 "
GO,Total,85-89," 32,366 "
GO,Total,90+," 17,485 "
MA,Female,0," 57,359 "
MA,Female,01-04," 229,581 "
MA,Female,05-09," 284,887 "
MA,Female,10-14," 313,992 "
MA,Female,15-19," 327,940 "
MA,Female,20-24," 330,730 "
MA,Female,25-29," 307,392 "
MA,Female,30-34," 302,304 "
MA,Female,35-39," 289,774 "
MA,Female,40-44," 251,266 "
MA,Female,45-49," 201,583 "
MA,Female,50-54," 174,197 "
MA,Female,55-59," 147,998 "
MA,Female,60-64," 121,514 "
MA,Female,65-69," 98,750 "
MA,Female,70-74," 72,878 "
MA,Female,75-79," 51,781 "
MA,Female,80-84," 35,243 "
MA,Female,85-89," 19,452 "
MA,Female,90+," 14,306 "
MA,Male,0," 60,056 "
MA,Male,01-04," 240,035 "
MA,Male,05-09," 297,690 "
MA,Male,10-14," 328,235 "
MA,Male,15-19," 340,844 "
MA,Male,20-24," 337,033 "
MA,Male,25-29," 298,877 "
MA,Male,30-34," 282,254 "
MA,Male,35-39," 267,658 "
MA,Male,40-44," 232,404 "
MA,Male,45-49," 187,366 "
MA,Male,50-54," 160,379 "
MA,Male,55-59," 133,010 "
MA,Male,60-64," 106,294 "
MA,Male,65-69," 83,568 "
MA,Male,70-74," 61,615 "
MA,Male,75-79," 42,180 "
MA,Male,80-84," 26,070 "
MA,Male,85-89," 13,465 "
MA,Male,90+," 8,101 "
MA,Total,0," 117,415 "
MA,Total,01-04," 469,616 "
MA,Total,05-09," 582,576 "
MA,Total,10-14," 642,227 "
MA,Total,15-19," 668,784 "
MA,Total,20-24," 667,763 "
MA,Total,25-29," 606,270 "
MA,Total,30-34," 584,558 "
MA,Total,35-39," 557,432 "
MA,Total,40-44," 483,670 "
MA,Total,45-49," 388,949 "
MA,Total,50-54," 334,577 "
MA,Total,55-59," 281,008 "
MA,Total,60-64," 227,809 "
MA,Total,65-69," 182,318 "
MA,Total,70-74," 134,494 "
MA,Total,75-79," 93,961 "
MA,Total,80-84," 61,314 "
MA,Total,85-89," 32,918 "
MA,Total,90+," 22,407 "
MG,Female,0," 128,941 "
MG,Female,01-04," 518,948 "
MG,Female,05-09," 647,145 "
MG,Female,10-14," 649,683 "
MG,Female,15-19," 719,507 "
MG,Female,20-24," 822,382 "
MG,Female,25-29," 844,425 "
MG,Female,30-34," 851,016 "
MG,Female,35-39," 852,949 "
MG,Female,40-44," 814,297 "
MG,Female,45-49," 726,915 "
MG,Female,50-54," 692,614 "
MG,Female,55-59," 652,732 "
MG,Female,60-64," 568,510 "
MG,Female,65-69," 456,124 "
MG,Female,70-74," 340,027 "
MG,Female,75-79," 238,185 "
MG,Female,80-84," 163,636 "
MG,Female,85-89," 93,576 "
MG,Female,90+," 68,086 "
MG,Male,0," 135,246 "
MG,Male,01-04," 544,152 "
MG,Male,05-09," 677,749 "
MG,Male,10-14," 679,793 "
MG,Male,15-19," 751,243 "
MG,Male,20-24," 849,525 "
MG,Male,25-29," 857,494 "
MG,Male,30-34," 860,295 "
MG,Male,35-39," 845,010 "
MG,Male,40-44," 789,728 "
MG,Male,45-49," 687,361 "
MG,Male,50-54," 647,353 "
MG,Male,55-59," 596,251 "
MG,Male,60-64," 510,144 "
MG,Male,65-69," 396,485 "
MG,Male,70-74," 285,062 "
MG,Male,75-79," 188,289 "
MG,Male,80-84," 120,044 "
MG,Male,85-89," 63,507 "
MG,Male,90+," 36,854 "
MG,Total,0," 264,188 "
MG,Total,01-04," 1,063,100 "
MG,Total,05-09," 1,324,893 "
MG,Total,10-14," 1,329,476 "
MG,Total,15-19," 1,470,750 "
MG,Total,20-24," 1,671,908 "
MG,Total,25-29," 1,701,920 "
MG,Total,30-34," 1,711,311 "
MG,Total,35-39," 1,697,960 "
MG,Total,40-44," 1,604,026 "
MG,Total,45-49," 1,414,277 "
MG,Total,50-54," 1,339,967 "
MG,Total,55-59," 1,248,984 "
MG,Total,60-64," 1,078,654 "
MG,Total,65-69," 852,608 "
MG,Total,70-74," 625,089 "
MG,Total,75-79," 426,474 "
MG,Total,80-84," 283,680 "
MG,Total,85-89," 157,082 "
MG,Total,90+," 104,941 "
MS,Female,0," 21,320 "
MS,Female,01-04," 85,770 "
MS,Female,05-09," 106,141 "
MS,Female,10-14," 99,459 "
MS,Female,15-19," 100,986 "
MS,Female,20-24," 109,037 "
MS,Female,25-29," 113,843 "
MS,Female,30-34," 111,764 "
MS,Female,35-39," 112,185 "
MS,Female,40-44," 104,254 "
MS,Female,45-49," 93,410 "
MS,Female,50-54," 85,591 "
MS,Female,55-59," 78,337 "
MS,Female,60-64," 63,966 "
MS,Female,65-69," 49,476 "
MS,Female,70-74," 35,737 "
MS,Female,75-79," 24,818 "
MS,Female,80-84," 16,040 "
MS,Female,85-89," 8,572 "
MS,Female,90+," 5,197 "
MS,Male,0," 22,337 "
MS,Male,01-04," 89,802 "
MS,Male,05-09," 111,246 "
MS,Male,10-14," 104,418 "
MS,Male,15-19," 105,897 "
MS,Male,20-24," 112,880 "
MS,Male,25-29," 115,374 "
MS,Male,30-34," 113,039 "
MS,Male,35-39," 109,739 "
MS,Male,40-44," 100,699 "
MS,Male,45-49," 89,632 "
MS,Male,50-54," 81,053 "
MS,Male,55-59," 72,067 "
MS,Male,60-64," 57,809 "
MS,Male,65-69," 43,916 "
MS,Male,70-74," 30,497 "
MS,Male,75-79," 20,047 "
MS,Male,80-84," 12,728 "
MS,Male,85-89," 6,501 "
MS,Male,90+," 3,558 "
MS,Total,0," 43,657 "
MS,Total,01-04," 175,572 "
MS,Total,05-09," 217,387 "
MS,Total,10-14," 203,877 "
MS,Total,15-19," 206,883 "
MS,Total,20-24," 221,918 "
MS,Total,25-29," 229,217 "
MS,Total,30-34," 224,803 "
MS,Total,35-39," 221,924 "
MS,Total,40-44," 204,952 "
MS,Total,45-49," 183,042 "
MS,Total,50-54," 166,644 "
MS,Total,55-59," 150,404 "
MS,Total,60-64," 121,775 "
MS,Total,65-69," 93,392 "
MS,Total,70-74," 66,234 "
MS,Total,75-79," 44,866 "
MS,Total,80-84," 28,768 "
MS,Total,85-89," 15,073 "
MS,Total,90+," 8,755 "
MT,Female,0," 27,734 "
MT,Female,01-04," 111,023 "
MT,Female,05-09," 133,606 "
MT,Female,10-14," 129,494 "
MT,Female,15-19," 132,397 "
MT,Female,20-24," 138,546 "
MT,Female,25-29," 144,167 "
MT,Female,30-34," 144,869 "
MT,Female,35-39," 142,613 "
MT,Female,40-44," 133,636 "
MT,Female,45-49," 117,706 "
MT,Female,50-54," 104,143 "
MT,Female,55-59," 88,601 "
MT,Female,60-64," 70,014 "
MT,Female,65-69," 51,501 "
MT,Female,70-74," 35,534 "
MT,Female,75-79," 22,993 "
MT,Female,80-84," 14,041 "
MT,Female,85-89," 6,856 "
MT,Female,90+," 4,007 "
MT,Male,0," 29,040 "
MT,Male,01-04," 116,027 "
MT,Male,05-09," 139,173 "
MT,Male,10-14," 134,626 "
MT,Male,15-19," 137,613 "
MT,Male,20-24," 144,870 "
MT,Male,25-29," 148,931 "
MT,Male,30-34," 151,088 "
MT,Male,35-39," 147,772 "
MT,Male,40-44," 135,275 "
MT,Male,45-49," 117,936 "
MT,Male,50-54," 105,300 "
MT,Male,55-59," 90,485 "
MT,Male,60-64," 71,263 "
MT,Male,65-69," 51,624 "
MT,Male,70-74," 34,724 "
MT,Male,75-79," 21,913 "
MT,Male,80-84," 12,855 "
MT,Male,85-89," 6,119 "
MT,Male,90+," 3,258 "
MT,Total,0," 56,774 "
MT,Total,01-04," 227,050 "
MT,Total,05-09," 272,780 "
MT,Total,10-14," 264,120 "
MT,Total,15-19," 270,009 "
MT,Total,20-24," 283,416 "
MT,Total,25-29," 293,098 "
MT,Total,30-34," 295,957 "
MT,Total,35-39," 290,385 "
MT,Total,40-44," 268,911 "
MT,Total,45-49," 235,642 "
MT,Total,50-54," 209,444 "
MT,Total,55-59," 179,086 "
MT,Total,60-64," 141,277 "
MT,Total,65-69," 103,125 "
MT,Total,70-74," 70,259 "
MT,Total,75-79," 44,906 "
MT,Total,80-84," 26,895 "
MT,Total,85-89," 12,976 "
MT,Total,90+," 7,265 "
PA,Female,0," 70,208 "
PA,Female,01-04," 280,544 "
PA,Female,05-09," 354,957 "
PA,Female,10-14," 380,312 "
PA,Female,15-19," 394,217 "
PA,Female,20-24," 403,788 "
PA,Female,25-29," 385,339 "
PA,Female,30-34," 369,388 "
PA,Female,35-39," 353,644 "
PA,Female,40-44," 309,099 "
PA,Female,45-49," 255,355 "
PA,Female,50-54," 211,632 "
PA,Female,55-59," 169,763 "
PA,Female,60-64," 137,451 "
PA,Female,65-69," 105,565 "
PA,Female,70-74," 74,056 "
PA,Female,75-79," 51,404 "
PA,Female,80-84," 31,324 "
PA,Female,85-89," 16,486 "
PA,Female,90+," 10,115 "
PA,Male,0," 73,456 "
PA,Male,01-04," 293,571 "
PA,Male,05-09," 371,289 "
PA,Male,10-14," 397,541 "
PA,Male,15-19," 410,882 "
PA,Male,20-24," 415,899 "
PA,Male,25-29," 385,718 "
PA,Male,30-34," 363,662 "
PA,Male,35-39," 344,002 "
PA,Male,40-44," 304,975 "
PA,Male,45-49," 254,129 "
PA,Male,50-54," 212,067 "
PA,Male,55-59," 168,326 "
PA,Male,60-64," 133,768 "
PA,Male,65-69," 100,071 "
PA,Male,70-74," 67,817 "
PA,Male,75-79," 43,803 "
PA,Male,80-84," 24,536 "
PA,Male,85-89," 11,582 "
PA,Male,90+," 6,175 "
PA,Total,0," 143,664 "
PA,Total,01-04," 574,115 "
PA,Total,05-09," 726,246 "
PA,Total,10-14," 777,853 "
PA,Total,15-19," 805,099 "
PA,Total,20-24," 819,688 "
PA,Total,25-29," 771,057 "
PA,Total,30-34," 733,050 "
PA,Total,35-39," 697,645 "
PA,Total,40-44," 614,074 "
PA,Total,45-49," 509,484 "
PA,Total,50-54," 423,699 "
PA,Total,55-59," 338,089 "
PA,Total,60-64," 271,219 "
PA,Total,65-69," 205,637 "
PA,Total,70-74," 141,873 "
PA,Total,75-79," 95,207 "
PA,Total,80-84," 55,860 "
PA,Total,85-89," 28,068 "
PA,Total,90+," 16,290 "
PB,Female,0," 27,768 "
PB,Female,01-04," 111,454 "
PB,Female,05-09," 133,046 "
PB,Female,10-14," 144,955 "
PB,Female,15-19," 159,902 "
PB,Female,20-24," 166,943 "
PB,Female,25-29," 165,765 "
PB,Female,30-34," 167,442 "
PB,Female,35-39," 165,671 "
PB,Female,40-44," 155,175 "
PB,Female,45-49," 136,125 "
PB,Female,50-54," 126,170 "
PB,Female,55-59," 110,835 "
PB,Female,60-64," 89,260 "
PB,Female,65-69," 73,744 "
PB,Female,70-74," 61,637 "
PB,Female,75-79," 44,222 "
PB,Female,80-84," 31,782 "
PB,Female,85-89," 15,977 "
PB,Female,90+," 9,992 "
PB,Male,0," 29,153 "
PB,Male,01-04," 117,141 "
PB,Male,05-09," 140,085 "
PB,Male,10-14," 152,201 "
PB,Male,15-19," 164,836 "
PB,Male,20-24," 167,717 "
PB,Male,25-29," 160,618 "
PB,Male,30-34," 155,812 "
PB,Male,35-39," 152,381 "
PB,Male,40-44," 141,288 "
PB,Male,45-49," 122,393 "
PB,Male,50-54," 110,894 "
PB,Male,55-59," 95,876 "
PB,Male,60-64," 73,350 "
PB,Male,65-69," 57,392 "
PB,Male,70-74," 46,272 "
PB,Male,75-79," 31,345 "
PB,Male,80-84," 20,617 "
PB,Male,85-89," 9,790 "
PB,Male,90+," 5,861 "
PB,Total,0," 56,921 "
PB,Total,01-04," 228,595 "
PB,Total,05-09," 273,131 "
PB,Total,10-14," 297,157 "
PB,Total,15-19," 324,737 "
PB,Total,20-24," 334,659 "
PB,Total,25-29," 326,384 "
PB,Total,30-34," 323,255 "
PB,Total,35-39," 318,052 "
PB,Total,40-44," 296,463 "
PB,Total,45-49," 258,519 "
PB,Total,50-54," 237,063 "
PB,Total,55-59," 206,710 "
PB,Total,60-64," 162,611 "
PB,Total,65-69," 131,136 "
PB,Total,70-74," 107,909 "
PB,Total,75-79," 75,567 "
PB,Total,80-84," 52,399 "
PB,Total,85-89," 25,767 "
PB,Total,90+," 15,853 "
PE,Female,0," 66,532 "
PE,Female,01-04," 267,264 "
PE,Female,05-09," 343,840 "
PE,Female,10-14," 354,477 "
PE,Female,15-19," 378,059 "
PE,Female,20-24," 405,385 "
PE,Female,25-29," 393,959 "
PE,Female,30-34," 401,611 "
PE,Female,35-39," 396,125 "
PE,Female,40-44," 372,392 "
PE,Female,45-49," 333,158 "
PE,Female,50-54," 301,983 "
PE,Female,55-59," 262,173 "
PE,Female,60-64," 215,441 "
PE,Female,65-69," 173,753 "
PE,Female,70-74," 137,321 "
PE,Female,75-79," 96,385 "
PE,Female,80-84," 65,921 "
PE,Female,85-89," 34,086 "
PE,Female,90+," 21,217 "
PE,Male,0," 69,730 "
PE,Male,01-04," 280,089 "
PE,Male,05-09," 359,985 "
PE,Male,10-14," 369,655 "
PE,Male,15-19," 389,862 "
PE,Male,20-24," 409,560 "
PE,Male,25-29," 381,457 "
PE,Male,30-34," 373,664 "
PE,Male,35-39," 361,392 "
PE,Male,40-44," 334,440 "
PE,Male,45-49," 292,135 "
PE,Male,50-54," 257,843 "
PE,Male,55-59," 218,412 "
PE,Male,60-64," 173,031 "
PE,Male,65-69," 130,207 "
PE,Male,70-74," 99,408 "
PE,Male,75-79," 64,592 "
PE,Male,80-84," 40,029 "
PE,Male,85-89," 18,638 "
PE,Male,90+," 10,323 "
PE,Total,0," 136,262 "
PE,Total,01-04," 547,353 "
PE,Total,05-09," 703,825 "
PE,Total,10-14," 724,132 "
PE,Total,15-19," 767,922 "
PE,Total,20-24," 814,945 "
PE,Total,25-29," 775,417 "
PE,Total,30-34," 775,274 "
PE,Total,35-39," 757,517 "
PE,Total,40-44," 706,832 "
PE,Total,45-49," 625,293 "
PE,Total,50-54," 559,826 "
PE,Total,55-59," 480,585 "
PE,Total,60-64," 388,472 "
PE,Total,65-69," 303,960 "
PE,Total,70-74," 236,729 "
PE,Total,75-79," 160,978 "
PE,Total,80-84," 105,950 "
PE,Total,85-89," 52,723 "
PE,Total,90+," 31,540 "
PI,Female,0," 23,127 "
PI,Female,01-04," 92,604 "
PI,Female,05-09," 115,220 "
PI,Female,10-14," 123,749 "
PI,Female,15-19," 138,306 "
PI,Female,20-24," 143,919 "
PI,Female,25-29," 133,967 "
PI,Female,30-34," 136,942 "
PI,Female,35-39," 133,454 "
PI,Female,40-44," 125,132 "
PI,Female,45-49," 105,321 "
PI,Female,50-54," 95,752 "
PI,Female,55-59," 85,676 "
PI,Female,60-64," 71,863 "
PI,Female,65-69," 58,720 "
PI,Female,70-74," 44,297 "
PI,Female,75-79," 30,357 "
PI,Female,80-84," 20,893 "
PI,Female,85-89," 10,727 "
PI,Female,90+," 5,873 "
PI,Male,0," 24,250 "
PI,Male,01-04," 96,989 "
PI,Male,05-09," 120,233 "
PI,Male,10-14," 128,592 "
PI,Male,15-19," 142,624 "
PI,Male,20-24," 147,076 "
PI,Male,25-29," 129,658 "
PI,Male,30-34," 125,221 "
PI,Male,35-39," 121,159 "
PI,Male,40-44," 112,851 "
PI,Male,45-49," 95,157 "
PI,Male,50-54," 85,355 "
PI,Male,55-59," 73,914 "
PI,Male,60-64," 59,177 "
PI,Male,65-69," 46,237 "
PI,Male,70-74," 35,048 "
PI,Male,75-79," 23,203 "
PI,Male,80-84," 13,755 "
PI,Male,85-89," 6,271 "
PI,Male,90+," 3,109 "
PI,Total,0," 47,378 "
PI,Total,01-04," 189,592 "
PI,Total,05-09," 235,453 "
PI,Total,10-14," 252,341 "
PI,Total,15-19," 280,930 "
PI,Total,20-24," 290,996 "
PI,Total,25-29," 263,625 "
PI,Total,30-34," 262,163 "
PI,Total,35-39," 254,613 "
PI,Total,40-44," 237,983 "
PI,Total,45-49," 200,478 "
PI,Total,50-54," 181,107 "
PI,Total,55-59," 159,590 "
PI,Total,60-64," 131,041 "
PI,Total,65-69," 104,957 "
PI,Total,70-74," 79,346 "
PI,Total,75-79," 53,560 "
PI,Total,80-84," 34,648 "
PI,Total,85-89," 16,998 "
PI,Total,90+," 8,982 "
PR,Female,0," 76,606 "
PR,Female,01-04," 308,071 "
PR,Female,05-09," 377,941 "
PR,Female,10-14," 365,730 "
PR,Female,15-19," 389,958 "
PR,Female,20-24," 444,013 "
PR,Female,25-29," 459,332 "
PR,Female,30-34," 449,438 "
PR,Female,35-39," 444,421 "
PR,Female,40-44," 428,802 "
PR,Female,45-49," 402,463 "
PR,Female,50-54," 390,153 "
PR,Female,55-59," 359,609 "
PR,Female,60-64," 303,166 "
PR,Female,65-69," 243,525 "
PR,Female,70-74," 181,801 "
PR,Female,75-79," 125,249 "
PR,Female,80-84," 81,449 "
PR,Female,85-89," 45,304 "
PR,Female,90+," 27,095 "
PR,Male,0," 80,329 "
PR,Male,01-04," 323,190 "
PR,Male,05-09," 396,454 "
PR,Male,10-14," 382,755 "
PR,Male,15-19," 405,402 "
PR,Male,20-24," 456,314 "
PR,Male,25-29," 462,572 "
PR,Male,30-34," 444,242 "
PR,Male,35-39," 430,365 "
PR,Male,40-44," 406,244 "
PR,Male,45-49," 376,270 "
PR,Male,50-54," 358,890 "
PR,Male,55-59," 321,324 "
PR,Male,60-64," 263,634 "
PR,Male,65-69," 206,388 "
PR,Male,70-74," 149,383 "
PR,Male,75-79," 97,235 "
PR,Male,80-84," 59,403 "
PR,Male,85-89," 29,723 "
PR,Male,90+," 15,893 "
PR,Total,0," 156,935 "
PR,Total,01-04," 631,261 "
PR,Total,05-09," 774,396 "
PR,Total,10-14," 748,484 "
PR,Total,15-19," 795,360 "
PR,Total,20-24," 900,327 "
PR,Total,25-29," 921,904 "
PR,Total,30-34," 893,681 "
PR,Total,35-39," 874,786 "
PR,Total,40-44," 835,046 "
PR,Total,45-49," 778,733 "
PR,Total,50-54," 749,043 "
PR,Total,55-59," 680,933 "
PR,Total,60-64," 566,800 "
PR,Total,65-69," 449,913 "
PR,Total,70-74," 331,184 "
PR,Total,75-79," 222,484 "
PR,Total,80-84," 140,852 "
PR,Total,85-89," 75,027 "
PR,Total,90+," 42,988 "
RJ,Female,0," 108,702 "
RJ,Female,01-04," 439,268 "
RJ,Female,05-09," 541,022 "
RJ,Female,10-14," 515,214 "
RJ,Female,15-19," 548,786 "
RJ,Female,20-24," 650,790 "
RJ,Female,25-29," 658,028 "
RJ,Female,30-34," 670,855 "
RJ,Female,35-39," 702,977 "
RJ,Female,40-44," 690,167 "
RJ,Female,45-49," 624,438 "
RJ,Female,50-54," 588,520 "
RJ,Female,55-59," 566,853 "
RJ,Female,60-64," 513,729 "
RJ,Female,65-69," 422,941 "
RJ,Female,70-74," 321,510 "
RJ,Female,75-79," 218,211 "
RJ,Female,80-84," 150,871 "
RJ,Female,85-89," 89,615 "
RJ,Female,90+," 69,245 "
RJ,Male,0," 113,992 "
RJ,Male,01-04," 460,586 "
RJ,Male,05-09," 566,826 "
RJ,Male,10-14," 538,709 "
RJ,Male,15-19," 570,604 "
RJ,Male,20-24," 664,105 "
RJ,Male,25-29," 654,929 "
RJ,Male,30-34," 651,325 "
RJ,Male,35-39," 658,458 "
RJ,Male,40-44," 630,277 "
RJ,Male,45-49," 556,276 "
RJ,Male,50-54," 518,605 "
RJ,Male,55-59," 480,211 "
RJ,Male,60-64," 416,241 "
RJ,Male,65-69," 322,629 "
RJ,Male,70-74," 230,598 "
RJ,Male,75-79," 144,248 "
RJ,Male,80-84," 88,878 "
RJ,Male,85-89," 45,504 "
RJ,Male,90+," 25,594 "
RJ,Total,0," 222,695 "
RJ,Total,01-04," 899,854 "
RJ,Total,05-09," 1,107,847 "
RJ,Total,10-14," 1,053,923 "
RJ,Total,15-19," 1,119,391 "
RJ,Total,20-24," 1,314,895 "
RJ,Total,25-29," 1,312,957 "
RJ,Total,30-34," 1,322,180 "
RJ,Total,35-39," 1,361,436 "
RJ,Total,40-44," 1,320,444 "
RJ,Total,45-49," 1,180,715 "
RJ,Total,50-54," 1,107,125 "
RJ,Total,55-59," 1,047,064 "
RJ,Total,60-64," 929,970 "
RJ,Total,65-69," 745,570 "
RJ,Total,70-74," 552,108 "
RJ,Total,75-79," 362,459 "
RJ,Total,80-84," 239,749 "
RJ,Total,85-89," 135,120 "
RJ,Total,90+," 94,839 "
RN,Female,0," 23,159 "
RN,Female,01-04," 92,841 "
RN,Female,05-09," 119,330 "
RN,Female,10-14," 125,097 "
RN,Female,15-19," 133,176 "
RN,Female,20-24," 144,677 "
RN,Female,25-29," 147,552 "
RN,Female,30-34," 154,775 "
RN,Female,35-39," 148,272 "
RN,Female,40-44," 132,655 "
RN,Female,45-49," 117,242 "
RN,Female,50-54," 111,666 "
RN,Female,55-59," 99,960 "
RN,Female,60-64," 77,152 "
RN,Female,65-69," 59,068 "
RN,Female,70-74," 50,879 "
RN,Female,75-79," 35,421 "
RN,Female,80-84," 24,958 "
RN,Female,85-89," 13,230 "
RN,Female,90+," 9,684 "
RN,Male,0," 24,235 "
RN,Male,01-04," 97,004 "
RN,Male,05-09," 124,424 "
RN,Male,10-14," 129,973 "
RN,Male,15-19," 137,401 "
RN,Male,20-24," 148,828 "
RN,Male,25-29," 147,786 "
RN,Male,30-34," 152,722 "
RN,Male,35-39," 143,844 "
RN,Male,40-44," 125,141 "
RN,Male,45-49," 107,626 "
RN,Male,50-54," 100,814 "
RN,Male,55-59," 88,067 "
RN,Male,60-64," 64,768 "
RN,Male,65-69," 46,329 "
RN,Male,70-74," 38,281 "
RN,Male,75-79," 25,187 "
RN,Male,80-84," 16,190 "
RN,Male,85-89," 7,469 "
RN,Male,90+," 4,940 "
RN,Total,0," 47,394 "
RN,Total,01-04," 189,845 "
RN,Total,05-09," 243,754 "
RN,Total,10-14," 255,069 "
RN,Total,15-19," 270,576 "
RN,Total,20-24," 293,505 "
RN,Total,25-29," 295,338 "
RN,Total,30-34," 307,497 "
RN,Total,35-39," 292,116 "
RN,Total,40-44," 257,796 "
RN,Total,45-49," 224,868 "
RN,Total,50-54," 212,480 "
RN,Total,55-59," 188,027 "
RN,Total,60-64," 141,920 "
RN,Total,65-69," 105,397 "
RN,Total,70-74," 89,160 "
RN,Total,75-79," 60,608 "
RN,Total,80-84," 41,148 "
RN,Total,85-89," 20,700 "
RN,Total,90+," 14,624 "
RO,Female,0," 13,682 "
RO,Female,01-04," 54,817 "
RO,Female,05-09," 66,767 "
RO,Female,10-14," 66,329 "
RO,Female,15-19," 72,202 "
RO,Female,20-24," 77,221 "
RO,Female,25-29," 78,231 "
RO,Female,30-34," 76,853 "
RO,Female,35-39," 75,238 "
RO,Female,40-44," 68,232 "
RO,Female,45-49," 59,604 "
RO,Female,50-54," 51,326 "
RO,Female,55-59," 42,458 "
RO,Female,60-64," 32,951 "
RO,Female,65-69," 23,977 "
RO,Female,70-74," 15,521 "
RO,Female,75-79," 9,766 "
RO,Female,80-84," 5,541 "
RO,Female,85-89," 2,667 "
RO,Female,90+," 1,504 "
RO,Male,0," 14,336 "
RO,Male,01-04," 57,423 "
RO,Male,05-09," 69,968 "
RO,Male,10-14," 69,558 "
RO,Male,15-19," 75,176 "
RO,Male,20-24," 79,749 "
RO,Male,25-29," 79,001 "
RO,Male,30-34," 78,604 "
RO,Male,35-39," 75,622 "
RO,Male,40-44," 67,692 "
RO,Male,45-49," 57,652 "
RO,Male,50-54," 52,441 "
RO,Male,55-59," 44,876 "
RO,Male,60-64," 34,278 "
RO,Male,65-69," 23,828 "
RO,Male,70-74," 15,475 "
RO,Male,75-79," 9,336 "
RO,Male,80-84," 5,345 "
RO,Male,85-89," 2,388 "
RO,Male,90+," 1,271 "
RO,Total,0," 28,018 "
RO,Total,01-04," 112,241 "
RO,Total,05-09," 136,735 "
RO,Total,10-14," 135,887 "
RO,Total,15-19," 147,378 "
RO,Total,20-24," 156,970 "
RO,Total,25-29," 157,232 "
RO,Total,30-34," 155,457 "
RO,Total,35-39," 150,860 "
RO,Total,40-44," 135,925 "
RO,Total,45-49," 117,256 "
RO,Total,50-54," 103,767 "
RO,Total,55-59," 87,334 "
RO,Total,60-64," 67,229 "
RO,Total,65-69," 47,805 "
RO,Total,70-74," 30,997 "
RO,Total,75-79," 19,102 "
RO,Total,80-84," 10,886 "
RO,Total,85-89," 5,055 "
RO,Total,90+," 2,775 "
RR,Female,0," 6,060 "
RR,Female,01-04," 23,428 "
RR,Female,05-09," 27,411 "
RR,Female,10-14," 26,624 "
RR,Female,15-19," 26,152 "
RR,Female,20-24," 29,258 "
RR,Female,25-29," 30,251 "
RR,Female,30-34," 28,670 "
RR,Female,35-39," 26,493 "
RR,Female,40-44," 22,203 "
RR,Female,45-49," 17,260 "
RR,Female,50-54," 13,578 "
RR,Female,55-59," 10,879 "
RR,Female,60-64," 8,390 "
RR,Female,65-69," 5,931 "
RR,Female,70-74," 3,847 "
RR,Female,75-79," 2,299 "
RR,Female,80-84," 1,323 "
RR,Female,85-89, 646 
RR,Female,90+, 336 
RR,Male,0," 6,363 "
RR,Male,01-04," 24,562 "
RR,Male,05-09," 28,634 "
RR,Male,10-14," 27,611 "
RR,Male,15-19," 27,020 "
RR,Male,20-24," 31,728 "
RR,Male,25-29," 34,298 "
RR,Male,30-34," 32,651 "
RR,Male,35-39," 29,265 "
RR,Male,40-44," 23,946 "
RR,Male,45-49," 18,657 "
RR,Male,50-54," 14,861 "
RR,Male,55-59," 11,747 "
RR,Male,60-64," 8,751 "
RR,Male,65-69," 6,145 "
RR,Male,70-74," 4,067 "
RR,Male,75-79," 2,221 "
RR,Male,80-84," 1,143 "
RR,Male,85-89, 484 
RR,Male,90+, 222 
RR,Total,0," 12,422 "
RR,Total,01-04," 47,990 "
RR,Total,05-09," 56,044 "
RR,Total,10-14," 54,235 "
RR,Total,15-19," 53,172 "
RR,Total,20-24," 60,987 "
RR,Total,25-29," 64,549 "
RR,Total,30-34," 61,322 "
RR,Total,35-39," 55,758 "
RR,Total,40-44," 46,150 "
RR,Total,45-49," 35,917 "
RR,Total,50-54," 28,439 "
RR,Total,55-59," 22,626 "
RR,Total,60-64," 17,142 "
RR,Total,65-69," 12,076 "
RR,Total,70-74," 7,914 "
RR,Total,75-79," 4,520 "
RR,Total,80-84," 2,467 "
RR,Total,85-89," 1,130 "
RR,Total,90+, 557 
RS,Female,0," 68,144 "
RS,Female,01-04," 275,661 "
RS,Female,05-09," 342,566 "
RS,Female,10-14," 325,111 "
RS,Female,15-19," 365,782 "
RS,Female,20-24," 418,237 "
RS,Female,25-29," 428,945 "
RS,Female,30-34," 424,441 "
RS,Female,35-39," 441,485 "
RS,Female,40-44," 410,127 "
RS,Female,45-49," 375,402 "
RS,Female,50-54," 380,408 "
RS,Female,55-59," 387,777 "
RS,Female,60-64," 348,802 "
RS,Female,65-69," 289,911 "
RS,Female,70-74," 223,962 "
RS,Female,75-79," 156,101 "
RS,Female,80-84," 106,328 "
RS,Female,85-89," 63,523 "
RS,Female,90+," 46,818 "
RS,Male,0," 71,472 "
RS,Male,01-04," 289,101 "
RS,Male,05-09," 359,153 "
RS,Male,10-14," 340,864 "
RS,Male,15-19," 382,979 "
RS,Male,20-24," 432,207 "
RS,Male,25-29," 434,491 "
RS,Male,30-34," 424,908 "
RS,Male,35-39," 433,306 "
RS,Male,40-44," 392,511 "
RS,Male,45-49," 354,720 "
RS,Male,50-54," 349,609 "
RS,Male,55-59," 348,564 "
RS,Male,60-64," 305,583 "
RS,Male,65-69," 243,908 "
RS,Male,70-74," 177,519 "
RS,Male,75-79," 112,774 "
RS,Male,80-84," 67,094 "
RS,Male,85-89," 33,509 "
RS,Male,90+," 17,773 "
RS,Total,0," 139,617 "
RS,Total,01-04," 564,762 "
RS,Total,05-09," 701,719 "
RS,Total,10-14," 665,975 "
RS,Total,15-19," 748,761 "
RS,Total,20-24," 850,445 "
RS,Total,25-29," 863,437 "
RS,Total,30-34," 849,349 "
RS,Total,35-39," 874,791 "
RS,Total,40-44," 802,637 "
RS,Total,45-49," 730,122 "
RS,Total,50-54," 730,018 "
RS,Total,55-59," 736,341 "
RS,Total,60-64," 654,385 "
RS,Total,65-69," 533,819 "
RS,Total,70-74," 401,481 "
RS,Total,75-79," 268,875 "
RS,Total,80-84," 173,422 "
RS,Total,85-89," 97,033 "
RS,Total,90+," 64,591 "
SC,Female,0," 47,302 "
SC,Female,01-04," 190,582 "
SC,Female,05-09," 229,929 "
SC,Female,10-14," 218,417 "
SC,Female,15-19," 228,760 "
SC,Female,20-24," 269,286 "
SC,Female,25-29," 291,996 "
SC,Female,30-34," 301,483 "
SC,Female,35-39," 299,909 "
SC,Female,40-44," 271,072 "
SC,Female,45-49," 246,862 "
SC,Female,50-54," 239,546 "
SC,Female,55-59," 228,743 "
SC,Female,60-64," 189,850 "
SC,Female,65-69," 150,281 "
SC,Female,70-74," 110,128 "
SC,Female,75-79," 73,271 "
SC,Female,80-84," 48,626 "
SC,Female,85-89," 27,401 "
SC,Female,90+," 19,763 "
SC,Male,0," 49,604 "
SC,Male,01-04," 199,589 "
SC,Male,05-09," 240,257 "
SC,Male,10-14," 227,747 "
SC,Male,15-19," 238,117 "
SC,Male,20-24," 280,143 "
SC,Male,25-29," 302,166 "
SC,Male,30-34," 313,412 "
SC,Male,35-39," 306,843 "
SC,Male,40-44," 271,277 "
SC,Male,45-49," 241,661 "
SC,Male,50-54," 230,805 "
SC,Male,55-59," 213,825 "
SC,Male,60-64," 173,447 "
SC,Male,65-69," 132,584 "
SC,Male,70-74," 91,916 "
SC,Male,75-79," 55,840 "
SC,Male,80-84," 32,587 "
SC,Male,85-89," 15,750 "
SC,Male,90+," 8,604 "
SC,Total,0," 96,906 "
SC,Total,01-04," 390,171 "
SC,Total,05-09," 470,186 "
SC,Total,10-14," 446,164 "
SC,Total,15-19," 466,877 "
SC,Total,20-24," 549,429 "
SC,Total,25-29," 594,162 "
SC,Total,30-34," 614,895 "
SC,Total,35-39," 606,752 "
SC,Total,40-44," 542,349 "
SC,Total,45-49," 488,523 "
SC,Total,50-54," 470,351 "
SC,Total,55-59," 442,568 "
SC,Total,60-64," 363,297 "
SC,Total,65-69," 282,865 "
SC,Total,70-74," 202,044 "
SC,Total,75-79," 129,111 "
SC,Total,80-84," 81,212 "
SC,Total,85-89," 43,151 "
SC,Total,90+," 28,367 "
SE,Female,0," 16,577 "
SE,Female,01-04," 66,366 "
SE,Female,05-09," 83,393 "
SE,Female,10-14," 87,179 "
SE,Female,15-19," 91,655 "
SE,Female,20-24," 103,453 "
SE,Female,25-29," 102,239 "
SE,Female,30-34," 102,652 "
SE,Female,35-39," 99,365 "
SE,Female,40-44," 90,667 "
SE,Female,45-49," 79,057 "
SE,Female,50-54," 71,243 "
SE,Female,55-59," 59,826 "
SE,Female,60-64," 46,875 "
SE,Female,65-69," 36,932 "
SE,Female,70-74," 27,550 "
SE,Female,75-79," 18,991 "
SE,Female,80-84," 12,439 "
SE,Female,85-89," 6,694 "
SE,Female,90+," 3,863 "
SE,Male,0," 17,374 "
SE,Male,01-04," 69,503 "
SE,Male,05-09," 87,138 "
SE,Male,10-14," 90,519 "
SE,Male,15-19," 93,548 "
SE,Male,20-24," 103,911 "
SE,Male,25-29," 98,210 "
SE,Male,30-34," 95,233 "
SE,Male,35-39," 90,204 "
SE,Male,40-44," 80,816 "
SE,Male,45-49," 69,269 "
SE,Male,50-54," 62,252 "
SE,Male,55-59," 51,112 "
SE,Male,60-64," 39,066 "
SE,Male,65-69," 29,345 "
SE,Male,70-74," 21,375 "
SE,Male,75-79," 13,337 "
SE,Male,80-84," 7,585 "
SE,Male,85-89," 3,519 "
SE,Male,90+," 1,702 "
SE,Total,0," 33,951 "
SE,Total,01-04," 135,869 "
SE,Total,05-09," 170,531 "
SE,Total,10-14," 177,698 "
SE,Total,15-19," 185,203 "
SE,Total,20-24," 207,363 "
SE,Total,25-29," 200,449 "
SE,Total,30-34," 197,885 "
SE,Total,35-39," 189,569 "
SE,Total,40-44," 171,483 "
SE,Total,45-49," 148,326 "
SE,Total,50-54," 133,495 "
SE,Total,55-59," 110,937 "
SE,Total,60-64," 85,942 "
SE,Total,65-69," 66,277 "
SE,Total,70-74," 48,925 "
SE,Total,75-79," 32,328 "
SE,Total,80-84," 20,024 "
SE,Total,85-89," 10,213 "
SE,Total,90+," 5,566 "
SP,Female,0," 292,781 "
SP,Female,01-04," 1,185,652 "
SP,Female,05-09," 1,491,657 "
SP,Female,10-14," 1,444,698 "
SP,Female,15-19," 1,513,260 "
SP,Female,20-24," 1,693,726 "
SP,Female,25-29," 1,733,928 "
SP,Female,30-34," 1,871,597 "
SP,Female,35-39," 1,947,078 "
SP,Female,40-44," 1,843,046 "
SP,Female,45-49," 1,648,441 "
SP,Female,50-54," 1,526,602 "
SP,Female,55-59," 1,419,766 "
SP,Female,60-64," 1,249,955 "
SP,Female,65-69," 1,005,247 "
SP,Female,70-74," 756,133 "
SP,Female,75-79," 511,696 "
SP,Female,80-84," 348,727 "
SP,Female,85-89," 202,674 "
SP,Female,90+," 149,730 "
SP,Male,0," 306,926 "
SP,Male,01-04," 1,242,108 "
SP,Male,05-09," 1,561,394 "
SP,Male,10-14," 1,510,103 "
SP,Male,15-19," 1,576,326 "
SP,Male,20-24," 1,742,379 "
SP,Male,25-29," 1,767,430 "
SP,Male,30-34," 1,907,365 "
SP,Male,35-39," 1,917,284 "
SP,Male,40-44," 1,751,581 "
SP,Male,45-49," 1,533,298 "
SP,Male,50-54," 1,398,477 "
SP,Male,55-59," 1,240,273 "
SP,Male,60-64," 1,056,373 "
SP,Male,65-69," 822,557 "
SP,Male,70-74," 583,680 "
SP,Male,75-79," 367,457 "
SP,Male,80-84," 225,959 "
SP,Male,85-89," 115,537 "
SP,Male,90+," 64,400 "
SP,Total,0," 599,707 "
SP,Total,01-04," 2,427,760 "
SP,Total,05-09," 3,053,051 "
SP,Total,10-14," 2,954,800 "
SP,Total,15-19," 3,089,585 "
SP,Total,20-24," 3,436,107 "
SP,Total,25-29," 3,501,359 "
SP,Total,30-34," 3,778,963 "
SP,Total,35-39," 3,864,367 "
SP,Total,40-44," 3,594,629 "
SP,Total,45-49," 3,181,739 "
SP,Total,50-54," 2,925,080 "
SP,Total,55-59," 2,660,041 "
SP,Total,60-64," 2,306,328 "
SP,Total,65-69," 1,827,804 "
SP,Total,70-74," 1,339,813 "
SP,Total,75-79," 879,154 "
SP,Total,80-84," 574,686 "
SP,Total,85-89," 318,211 "
SP,Total,90+," 214,131 "
TO,Female,0," 12,447 "
TO,Female,01-04," 49,151 "
TO,Female,05-09," 61,118 "
TO,Female,10-14," 63,896 "
TO,Female,15-19," 67,375 "
TO,Female,20-24," 70,524 "
TO,Female,25-29," 68,917 "
TO,Female,30-34," 66,294 "
TO,Female,35-39," 64,100 "
TO,Female,40-44," 59,244 "
TO,Female,45-49," 48,014 "
TO,Female,50-54," 41,865 "
TO,Female,55-59," 34,514 "
TO,Female,60-64," 27,621 "
TO,Female,65-69," 21,605 "
TO,Female,70-74," 15,824 "
TO,Female,75-79," 10,689 "
TO,Female,80-84," 7,061 "
TO,Female,85-89," 3,675 "
TO,Female,90+," 1,904 "
TO,Male,0," 13,057 "
TO,Male,01-04," 51,432 "
TO,Male,05-09," 63,862 "
TO,Male,10-14," 66,570 "
TO,Male,15-19," 69,646 "
TO,Male,20-24," 72,616 "
TO,Male,25-29," 69,664 "
TO,Male,30-34," 65,679 "
TO,Male,35-39," 62,766 "
TO,Male,40-44," 57,668 "
TO,Male,45-49," 48,789 "
TO,Male,50-54," 41,971 "
TO,Male,55-59," 34,819 "
TO,Male,60-64," 27,510 "
TO,Male,65-69," 21,500 "
TO,Male,70-74," 15,617 "
TO,Male,75-79," 10,630 "
TO,Male,80-84," 6,817 "
TO,Male,85-89," 3,438 "
TO,Male,90+," 1,692 "
TO,Total,0," 25,504 "
TO,Total,01-04," 100,583 "
TO,Total,05-09," 124,980 "
TO,Total,10-14," 130,466 "
TO,Total,15-19," 137,021 "
TO,Total,20-24," 143,140 "
TO,Total,25-29," 138,582 "
TO,Total,30-34," 131,973 "
TO,Total,35-39," 126,866 "
TO,Total,40-44," 116,912 "
TO,Total,45-49," 96,803 "
TO,Total,50-54," 83,836 "
TO,Total,55-59," 69,333 "
TO,Total,60-64," 55,131 "
TO,Total,65-69," 43,105 "
TO,Total,70-74," 31,442 "
TO,Total,75-79," 21,320 "
TO,Total,80-84," 13,878 "
TO,Total,85-89," 7,113 "
TO,Total,90+," 3,596 "